Area,Element,Item,Year,Value
France,Area harvested,Grapes,1995,894800.0
France,Area harvested,Grapes,1996,886690.0
France,Area harvested,Grapes,1997,878148.0
France,Area harvested,Grapes,1998,862677.0
France,Area harvested,Grapes,1999,863355.0
France,Area harvested,Grapes,2000,860979.0
France,Area harvested,Grapes,2001,861343.0
France,Area harvested,Grapes,2002,861575.0
France,Area harvested,Grapes,2003,851208.0
France,Area harvested,Grapes,2004,851970.0
France,Area harvested,Grapes,2005,854824.0
France,Area harvested,Grapes,2006,885165.0
France,Area harvested,Grapes,2007,828885.0
France,Area harvested,Grapes,2008,814697.0
France,Area harvested,Grapes,2009,796128.0
France,Area harvested,Grapes,2010,771530.0
France,Area harvested,Grapes,2011,764164.0
France,Area harvested,Grapes,2012,760804.0
France,Area harvested,Grapes,2013,760546.0
France,Area harvested,Grapes,2014,757339.0
France,Area harvested,Grapes,2015,752101.0
France,Area harvested,Grapes,2016,751366.0
France,Area harvested,Grapes,2017,750463.0
France,Area harvested,Grapes,2018,750620.0
France,Area harvested,Grapes,2019,755470.0
France,Area harvested,Grapes,2020,759590.0
France,Area harvested,Grapes,2021,757830.0
France,Area harvested,Grapes,2022,757550.0
France,Area harvested,Grapes,2023,753340.0
France,Area harvested,Grapes,2024,741330.0
France,Production,Grapes,1995,7212900.0
France,Production,Grapes,1996,7716400.0
France,Production,Grapes,1997,7190900.0
France,Production,Grapes,1998,6919069.0
France,Production,Grapes,1999,8040710.0
France,Production,Grapes,2000,7762582.0
France,Production,Grapes,2001,7225357.0
France,Production,Grapes,2002,6853482.0
France,Production,Grapes,2003,6307112.0
France,Production,Grapes,2004,7564902.0
France,Production,Grapes,2005,6790215.0
France,Production,Grapes,2006,6776880.0
France,Production,Grapes,2007,6019056.0
France,Production,Grapes,2008,6019149.0
France,Production,Grapes,2009,6101525.0
France,Production,Grapes,2010,5893530.0
France,Production,Grapes,2011,6640980.0
France,Production,Grapes,2012,5384561.0
France,Production,Grapes,2013,5540835.0
France,Production,Grapes,2014,6204909.0
France,Production,Grapes,2015,6258363.0
France,Production,Grapes,2016,6027505.7
France,Production,Grapes,2017,5011053.7
France,Production,Grapes,2018,6267790.0
France,Production,Grapes,2019,5489650.0
France,Production,Grapes,2020,5857870.0
France,Production,Grapes,2021,5073590.0
France,Production,Grapes,2022,6199950.0
France,Production,Grapes,2023,6205260.0
France,Production,Grapes,2024,4747450.0
France,Area harvested,Maize (corn),1995,1630416.0
France,Area harvested,Maize (corn),1996,1707552.0
France,Area harvested,Maize (corn),1997,1824033.0
France,Area harvested,Maize (corn),1998,1761004.0
France,Area harvested,Maize (corn),1999,1715168.0
France,Area harvested,Maize (corn),2000,1764767.0
France,Area harvested,Maize (corn),2001,1915822.0
France,Area harvested,Maize (corn),2002,1829333.0
France,Area harvested,Maize (corn),2003,1684639.0
France,Area harvested,Maize (corn),2004,1821419.0
France,Area harvested,Maize (corn),2005,1658529.0
France,Area harvested,Maize (corn),2006,1503619.0
France,Area harvested,Maize (corn),2007,1529775.0
France,Area harvested,Maize (corn),2008,1757438.0
France,Area harvested,Maize (corn),2009,1744416.0
France,Area harvested,Maize (corn),2010,1582727.0
France,Area harvested,Maize (corn),2011,1596711.0
France,Area harvested,Maize (corn),2012,1709936.0
France,Area harvested,Maize (corn),2013,1843477.0
France,Area harvested,Maize (corn),2014,1825121.0
France,Area harvested,Maize (corn),2015,1637081.0
France,Area harvested,Maize (corn),2016,1442805.0
France,Area harvested,Maize (corn),2017,1435699.0
France,Area harvested,Maize (corn),2018,1426260.0
France,Area harvested,Maize (corn),2019,1506100.0
France,Area harvested,Maize (corn),2020,1730030.0
France,Area harvested,Maize (corn),2021,1549470.0
France,Area harvested,Maize (corn),2022,1456090.0
France,Area harvested,Maize (corn),2023,1314680.0
France,Area harvested,Maize (corn),2024,1593920.0
France,Production,Maize (corn),1995,12583865.9
France,Production,Maize (corn),1996,14318927.9
France,Production,Maize (corn),1997,16534987.8
France,Production,Maize (corn),1998,14885495.1
France,Production,Maize (corn),1999,15354734.8
France,Production,Maize (corn),2000,16018168.3
France,Production,Maize (corn),2001,16420734.7
France,Production,Maize (corn),2002,16418382.6
France,Production,Maize (corn),2003,12045463.6
France,Production,Maize (corn),2004,16375868.0
France,Production,Maize (corn),2005,13689322.4
France,Production,Maize (corn),2006,12903718.5
France,Production,Maize (corn),2007,14505519.1
France,Production,Maize (corn),2008,16037987.9
France,Production,Maize (corn),2009,15513841.1
France,Production,Maize (corn),2010,13975284.8
France,Production,Maize (corn),2011,15914121.2
France,Production,Maize (corn),2012,15393496.8
France,Production,Maize (corn),2013,15041226.0
France,Production,Maize (corn),2014,18343320.0
France,Production,Maize (corn),2015,13716048.4
France,Production,Maize (corn),2016,11839729.0
France,Production,Maize (corn),2017,14534897.0
France,Production,Maize (corn),2018,12580430.0
France,Production,Maize (corn),2019,12845020.0
France,Production,Maize (corn),2020,13726410.0
France,Production,Maize (corn),2021,15358290.0
France,Production,Maize (corn),2022,10877190.0
France,Production,Maize (corn),2023,12834600.0
France,Production,Maize (corn),2024,14670620.0
France,Area harvested,Sugar beet,1995,454774.0
France,Area harvested,Sugar beet,1996,456361.0
France,Area harvested,Sugar beet,1997,457585.0
France,Area harvested,Sugar beet,1998,450557.0
France,Area harvested,Sugar beet,1999,435707.0
France,Area harvested,Sugar beet,2000,409664.0
France,Area harvested,Sugar beet,2001,429192.0
France,Area harvested,Sugar beet,2002,437919.0
France,Area harvested,Sugar beet,2003,399824.0
France,Area harvested,Sugar beet,2004,384557.0
France,Area harvested,Sugar beet,2005,378489.0
France,Area harvested,Sugar beet,2006,379343.0
France,Area harvested,Sugar beet,2007,393128.0
France,Area harvested,Sugar beet,2008,349258.0
France,Area harvested,Sugar beet,2009,373628.0
France,Area harvested,Sugar beet,2010,383763.0
France,Area harvested,Sugar beet,2011,391191.0
France,Area harvested,Sugar beet,2012,382683.0
France,Area harvested,Sugar beet,2013,393596.0
France,Area harvested,Sugar beet,2014,407148.0
France,Area harvested,Sugar beet,2015,385081.0
France,Area harvested,Sugar beet,2016,404985.0
France,Area harvested,Sugar beet,2017,486097.0
France,Area harvested,Sugar beet,2018,485850.0
France,Area harvested,Sugar beet,2019,446600.0
France,Area harvested,Sugar beet,2020,420670.0
France,Area harvested,Sugar beet,2021,407890.0
France,Area harvested,Sugar beet,2022,401610.0
France,Area harvested,Sugar beet,2023,380550.0
France,Area harvested,Sugar beet,2024,411630.0
France,Production,Sugar beet,1995,30342117.4
France,Production,Sugar beet,1996,30921147.2
France,Production,Sugar beet,1997,34005438.9
France,Production,Sugar beet,1998,30789879.5
France,Production,Sugar beet,1999,32473614.4
France,Production,Sugar beet,2000,31120959.1
France,Production,Sugar beet,2001,26847120.7
France,Production,Sugar beet,2002,33463754.9
France,Production,Sugar beet,2003,29329540.6
France,Production,Sugar beet,2004,30788266.0
France,Production,Sugar beet,2005,31149552.0
France,Production,Sugar beet,2006,29871448.5
France,Production,Sugar beet,2007,33229782.1
France,Production,Sugar beet,2008,30321172.0
France,Production,Sugar beet,2009,35160333.3
France,Production,Sugar beet,2010,31874920.2
France,Production,Sugar beet,2011,37944863.9
France,Production,Sugar beet,2012,33077399.4
France,Production,Sugar beet,2013,33630536.0
France,Production,Sugar beet,2014,37844567.0
France,Production,Sugar beet,2015,33507670.0
France,Production,Sugar beet,2016,34573877.0
France,Production,Sugar beet,2017,46300141.0
France,Production,Sugar beet,2018,39914030.0
France,Production,Sugar beet,2019,38024390.0
France,Production,Sugar beet,2020,26163360.0
France,Production,Sugar beet,2021,34365390.0
France,Production,Sugar beet,2022,31496750.0
France,Production,Sugar beet,2023,30580680.0
France,Production,Sugar beet,2024,32594090.0
France,Area harvested,Wheat,1995,4743444.0
France,Area harvested,Wheat,1996,5035701.0
France,Area harvested,Wheat,1997,5108308.0
France,Area harvested,Wheat,1998,5232624.0
France,Area harvested,Wheat,1999,5104076.0
France,Area harvested,Wheat,2000,5248436.0
France,Area harvested,Wheat,2001,4767362.0
France,Area harvested,Wheat,2002,5229556.0
France,Area harvested,Wheat,2003,4876697.0
France,Area harvested,Wheat,2004,5237005.0
France,Area harvested,Wheat,2005,5277999.0
France,Area harvested,Wheat,2006,5245735.0
France,Area harvested,Wheat,2007,5238602.0
France,Area harvested,Wheat,2008,5492443.0
France,Area harvested,Wheat,2009,5147394.0
France,Area harvested,Wheat,2010,5426820.0
France,Area harvested,Wheat,2011,5407328.0
France,Area harvested,Wheat,2012,5297826.0
France,Area harvested,Wheat,2013,5319778.0
France,Area harvested,Wheat,2014,5297210.0
France,Area harvested,Wheat,2015,5480208.0
France,Area harvested,Wheat,2016,5542247.0
France,Area harvested,Wheat,2017,5332084.0
France,Area harvested,Wheat,2018,5234090.0
France,Area harvested,Wheat,2019,5244250.0
France,Area harvested,Wheat,2020,4519780.0
France,Area harvested,Wheat,2021,5276730.0
France,Area harvested,Wheat,2022,4949840.0
France,Area harvested,Wheat,2023,4998280.0
France,Area harvested,Wheat,2024,4454180.0
France,Production,Wheat,1995,30869728.6
France,Production,Wheat,1996,35935157.3
France,Production,Wheat,1997,33862197.6
France,Production,Wheat,1998,39801138.2
France,Production,Wheat,1999,36950991.1
France,Production,Wheat,2000,37355956.9
France,Production,Wheat,2001,31545319.3
France,Production,Wheat,2002,38936514.8
France,Production,Wheat,2003,30479361.5
France,Production,Wheat,2004,39690179.5
France,Production,Wheat,2005,36886102.6
France,Production,Wheat,2006,35363563.4
France,Production,Wheat,2007,32763445.9
France,Production,Wheat,2008,39006372.0
France,Production,Wheat,2009,38336864.7
France,Production,Wheat,2010,38207431.0
France,Production,Wheat,2011,35992794.3
France,Production,Wheat,2012,37885741.8
France,Production,Wheat,2013,38651472.0
France,Production,Wheat,2014,38950202.0
France,Production,Wheat,2015,42750027.4
France,Production,Wheat,2016,29316331.0
France,Production,Wheat,2017,38677896.0
France,Production,Wheat,2018,35424140.0
France,Production,Wheat,2019,40604960.0
France,Production,Wheat,2020,30181140.0
France,Production,Wheat,2021,36559450.0
France,Production,Wheat,2022,34632380.0
France,Production,Wheat,2023,35995570.0
France,Production,Wheat,2024,26606940.0
Germany,Area harvested,Grapes,1995,103266.0
Germany,Area harvested,Grapes,1996,102428.0
Germany,Area harvested,Grapes,1997,102475.0
Germany,Area harvested,Grapes,1998,101665.0
Germany,Area harvested,Grapes,1999,101330.0
Germany,Area harvested,Grapes,2000,101546.0
Germany,Area harvested,Grapes,2001,99714.0
Germany,Area harvested,Grapes,2002,98772.0
Germany,Area harvested,Grapes,2003,98270.0
Germany,Area harvested,Grapes,2004,98403.0
Germany,Area harvested,Grapes,2005,98875.0
Germany,Area harvested,Grapes,2006,99172.0
Germany,Area harvested,Grapes,2007,99702.0
Germany,Area harvested,Grapes,2008,99744.0
Germany,Area harvested,Grapes,2009,100101.0
Germany,Area harvested,Grapes,2010,99907.0
Germany,Area harvested,Grapes,2011,99747.0
Germany,Area harvested,Grapes,2012,99584.0
Germany,Area harvested,Grapes,2013,99488.0
Germany,Area harvested,Grapes,2014,100075.0
Germany,Area harvested,Grapes,2015,99910.0
Germany,Area harvested,Grapes,2016,100039.0
Germany,Area harvested,Grapes,2017,100255.0
Germany,Area harvested,Grapes,2018,100180.0
Germany,Area harvested,Grapes,2019,100520.0
Germany,Area harvested,Grapes,2020,100710.0
Germany,Area harvested,Grapes,2021,100710.0
Germany,Area harvested,Grapes,2022,100870.0
Germany,Area harvested,Grapes,2023,101160.0
Germany,Area harvested,Grapes,2024,101560.0
Germany,Production,Grapes,1995,1487000.0
Germany,Production,Grapes,1996,1263000.0
Germany,Production,Grapes,1997,1146800.0
Germany,Production,Grapes,1998,1462600.0
Germany,Production,Grapes,1999,1659000.0
Germany,Production,Grapes,2000,1361000.0
Germany,Production,Grapes,2001,1226000.0
Germany,Production,Grapes,2002,1368000.0
Germany,Production,Grapes,2003,1130000.0
Germany,Production,Grapes,2004,1184000.0
Germany,Production,Grapes,2005,1449000.0
Germany,Production,Grapes,2006,1224700.0
Germany,Production,Grapes,2007,1400600.0
Germany,Production,Grapes,2008,1351500.0
Germany,Production,Grapes,2009,1235000.0
Germany,Production,Grapes,2010,952500.0
Germany,Production,Grapes,2011,1250000.0
Germany,Production,Grapes,2012,1227000.0
Germany,Production,Grapes,2013,1140000.0
Germany,Production,Grapes,2014,1245000.0
Germany,Production,Grapes,2015,1199030.0
Germany,Production,Grapes,2016,1225570.0
Germany,Production,Grapes,2017,1014235.0
Germany,Production,Grapes,2018,1403600.0
Germany,Production,Grapes,2019,1125000.0
Germany,Production,Grapes,2020,1149540.0
Germany,Production,Grapes,2021,1151470.0
Germany,Production,Grapes,2022,1223320.0
Germany,Production,Grapes,2023,1174050.0
Germany,Production,Grapes,2024,1059770.0
Germany,Area harvested,Maize (corn),1995,325065.0
Germany,Area harvested,Maize (corn),1996,372116.0
Germany,Area harvested,Maize (corn),1997,368267.0
Germany,Area harvested,Maize (corn),1998,341029.0
Germany,Area harvested,Maize (corn),1999,370735.0
Germany,Area harvested,Maize (corn),2000,360841.0
Germany,Area harvested,Maize (corn),2001,396544.0
Germany,Area harvested,Maize (corn),2002,398745.0
Germany,Area harvested,Maize (corn),2003,463355.0
Germany,Area harvested,Maize (corn),2004,461697.0
Germany,Area harvested,Maize (corn),2005,443100.0
Germany,Area harvested,Maize (corn),2006,401000.0
Germany,Area harvested,Maize (corn),2007,403210.0
Germany,Area harvested,Maize (corn),2008,520478.0
Germany,Area harvested,Maize (corn),2009,464333.0
Germany,Area harvested,Maize (corn),2010,466591.0
Germany,Area harvested,Maize (corn),2011,487900.0
Germany,Area harvested,Maize (corn),2012,526200.0
Germany,Area harvested,Maize (corn),2013,497000.0
Germany,Area harvested,Maize (corn),2014,481300.0
Germany,Area harvested,Maize (corn),2015,455500.0
Germany,Area harvested,Maize (corn),2016,416300.0
Germany,Area harvested,Maize (corn),2017,432000.0
Germany,Area harvested,Maize (corn),2018,410900.0
Germany,Area harvested,Maize (corn),2019,416000.0
Germany,Area harvested,Maize (corn),2020,419300.0
Germany,Area harvested,Maize (corn),2021,430700.0
Germany,Area harvested,Maize (corn),2022,456700.0
Germany,Area harvested,Maize (corn),2023,466400.0
Germany,Area harvested,Maize (corn),2024,498400.0
Germany,Production,Maize (corn),1995,2394565.0
Germany,Production,Maize (corn),1996,2912620.0
Germany,Production,Maize (corn),1997,3188356.0
Germany,Production,Maize (corn),1998,2781464.0
Germany,Production,Maize (corn),1999,3256916.0
Germany,Production,Maize (corn),2000,3324018.0
Germany,Production,Maize (corn),2001,3504514.0
Germany,Production,Maize (corn),2002,3738448.0
Germany,Production,Maize (corn),2003,3421642.0
Germany,Production,Maize (corn),2004,4199857.0
Germany,Production,Maize (corn),2005,4082700.0
Germany,Production,Maize (corn),2006,3220300.0
Germany,Production,Maize (corn),2007,3809320.0
Germany,Production,Maize (corn),2008,5105861.0
Germany,Production,Maize (corn),2009,4527228.0
Germany,Production,Maize (corn),2010,4211501.0
Germany,Production,Maize (corn),2011,5183600.0
Germany,Production,Maize (corn),2012,5514700.0
Germany,Production,Maize (corn),2013,4387300.0
Germany,Production,Maize (corn),2014,5142100.0
Germany,Production,Maize (corn),2015,3973000.0
Germany,Production,Maize (corn),2016,4017800.0
Germany,Production,Maize (corn),2017,4547600.0
Germany,Production,Maize (corn),2018,3344300.0
Germany,Production,Maize (corn),2019,3664800.0
Germany,Production,Maize (corn),2020,4020000.0
Germany,Production,Maize (corn),2021,4462400.0
Germany,Production,Maize (corn),2022,3837400.0
Germany,Production,Maize (corn),2023,4498900.0
Germany,Production,Maize (corn),2024,5010500.0
Germany,Area harvested,Sugar beet,1995,512850.0
Germany,Area harvested,Sugar beet,1996,515476.0
Germany,Area harvested,Sugar beet,1997,503664.0
Germany,Area harvested,Sugar beet,1998,503376.0
Germany,Area harvested,Sugar beet,1999,489163.0
Germany,Area harvested,Sugar beet,2000,452006.0
Germany,Area harvested,Sugar beet,2001,447697.0
Germany,Area harvested,Sugar beet,2002,459400.0
Germany,Area harvested,Sugar beet,2003,445630.0
Germany,Area harvested,Sugar beet,2004,440545.0
Germany,Area harvested,Sugar beet,2005,420100.0
Germany,Area harvested,Sugar beet,2006,357600.0
Germany,Area harvested,Sugar beet,2007,402697.0
Germany,Area harvested,Sugar beet,2008,369300.0
Germany,Area harvested,Sugar beet,2009,383600.0
Germany,Area harvested,Sugar beet,2010,364120.0
Germany,Area harvested,Sugar beet,2011,398100.0
Germany,Area harvested,Sugar beet,2012,402100.0
Germany,Area harvested,Sugar beet,2013,357400.0
Germany,Area harvested,Sugar beet,2014,372500.0
Germany,Area harvested,Sugar beet,2015,312800.0
Germany,Area harvested,Sugar beet,2016,364300.0
Germany,Area harvested,Sugar beet,2017,406700.0
Germany,Area harvested,Sugar beet,2018,413900.0
Germany,Area harvested,Sugar beet,2019,408700.0
Germany,Area harvested,Sugar beet,2020,386000.0
Germany,Area harvested,Sugar beet,2021,390700.0
Germany,Area harvested,Sugar beet,2022,396300.0
Germany,Area harvested,Sugar beet,2023,395800.0
Germany,Area harvested,Sugar beet,2024,437200.0
Germany,Production,Sugar beet,1995,26048756.0
Germany,Production,Sugar beet,1996,26064135.0
Germany,Production,Sugar beet,1997,25768883.0
Germany,Production,Sugar beet,1998,26787164.0
Germany,Production,Sugar beet,1999,27568807.0
Germany,Production,Sugar beet,2000,27870100.0
Germany,Production,Sugar beet,2001,24729921.0
Germany,Production,Sugar beet,2002,26794334.0
Germany,Production,Sugar beet,2003,23715735.0
Germany,Production,Sugar beet,2004,27158966.0
Germany,Production,Sugar beet,2005,25284700.0
Germany,Production,Sugar beet,2006,20646600.0
Germany,Production,Sugar beet,2007,25139137.0
Germany,Production,Sugar beet,2008,23002600.0
Germany,Production,Sugar beet,2009,25919041.0
Germany,Production,Sugar beet,2010,23431929.0
Germany,Production,Sugar beet,2011,29577500.0
Germany,Production,Sugar beet,2012,27686800.0
Germany,Production,Sugar beet,2013,22828700.0
Germany,Production,Sugar beet,2014,29748100.0
Germany,Production,Sugar beet,2015,22572000.0
Germany,Production,Sugar beet,2016,27065500.0
Germany,Production,Sugar beet,2017,34059900.0
Germany,Production,Sugar beet,2018,26191400.0
Germany,Production,Sugar beet,2019,29728300.0
Germany,Production,Sugar beet,2020,28618100.0
Germany,Production,Sugar beet,2021,31945400.0
Germany,Production,Sugar beet,2022,28201400.0
Germany,Production,Sugar beet,2023,31558200.0
Germany,Production,Sugar beet,2024,36682200.0
Germany,Area harvested,Wheat,1995,2578793.0
Germany,Area harvested,Wheat,1996,2594418.0
Germany,Area harvested,Wheat,1997,2719643.0
Germany,Area harvested,Wheat,1998,2802455.0
Germany,Area harvested,Wheat,1999,2601122.0
Germany,Area harvested,Wheat,2000,2968940.0
Germany,Area harvested,Wheat,2001,2897202.0
Germany,Area harvested,Wheat,2002,3014620.0
Germany,Area harvested,Wheat,2003,2963731.0
Germany,Area harvested,Wheat,2004,3111651.0
Germany,Area harvested,Wheat,2005,3173800.0
Germany,Area harvested,Wheat,2006,3114700.0
Germany,Area harvested,Wheat,2007,2992075.0
Germany,Area harvested,Wheat,2008,3213485.0
Germany,Area harvested,Wheat,2009,3226036.0
Germany,Area harvested,Wheat,2010,3297699.0
Germany,Area harvested,Wheat,2011,3248200.0
Germany,Area harvested,Wheat,2012,3056700.0
Germany,Area harvested,Wheat,2013,3128200.0
Germany,Area harvested,Wheat,2014,3219700.0
Germany,Area harvested,Wheat,2015,3282700.0
Germany,Area harvested,Wheat,2016,3201700.0
Germany,Area harvested,Wheat,2017,3202600.0
Germany,Area harvested,Wheat,2018,3036300.0
Germany,Area harvested,Wheat,2019,3118100.0
Germany,Area harvested,Wheat,2020,2835500.0
Germany,Area harvested,Wheat,2021,2939000.0
Germany,Area harvested,Wheat,2022,2980900.0
Germany,Area harvested,Wheat,2023,2897800.0
Germany,Area harvested,Wheat,2024,2615200.0
Germany,Production,Wheat,1995,17763312.0
Germany,Production,Wheat,1996,18921683.0
Germany,Production,Wheat,1997,19826755.0
Germany,Production,Wheat,1998,20187491.0
Germany,Production,Wheat,1999,19615366.0
Germany,Production,Wheat,2000,21621548.0
Germany,Production,Wheat,2001,22837837.0
Germany,Production,Wheat,2002,20817740.0
Germany,Production,Wheat,2003,19259811.0
Germany,Production,Wheat,2004,25427210.0
Germany,Production,Wheat,2005,23692700.0
Germany,Production,Wheat,2006,22427900.0
Germany,Production,Wheat,2007,20828077.0
Germany,Production,Wheat,2008,25988564.0
Germany,Production,Wheat,2009,25192350.0
Germany,Production,Wheat,2010,23782955.0
Germany,Production,Wheat,2011,22782700.0
Germany,Production,Wheat,2012,22409300.0
Germany,Production,Wheat,2013,25019100.0
Germany,Production,Wheat,2014,27784700.0
Germany,Production,Wheat,2015,26549500.0
Germany,Production,Wheat,2016,24463800.0
Germany,Production,Wheat,2017,24481600.0
Germany,Production,Wheat,2018,20263500.0
Germany,Production,Wheat,2019,23062600.0
Germany,Production,Wheat,2020,22172100.0
Germany,Production,Wheat,2021,21459200.0
Germany,Production,Wheat,2022,22587300.0
Germany,Production,Wheat,2023,21535900.0
Germany,Production,Wheat,2024,18526700.0
Italy,Area harvested,Grapes,1995,899105.0
Italy,Area harvested,Grapes,1996,896260.0
Italy,Area harvested,Grapes,1997,879526.0
Italy,Area harvested,Grapes,1998,874390.0
Italy,Area harvested,Grapes,1999,877194.0
Italy,Area harvested,Grapes,2000,872730.0
Italy,Area harvested,Grapes,2001,859859.0
Italy,Area harvested,Grapes,2002,836330.0
Italy,Area harvested,Grapes,2003,835546.0
Italy,Area harvested,Grapes,2004,787000.0
Italy,Area harvested,Grapes,2005,793000.0
Italy,Area harvested,Grapes,2006,786000.0
Italy,Area harvested,Grapes,2007,782000.0
Italy,Area harvested,Grapes,2008,788100.0
Italy,Area harvested,Grapes,2009,801900.0
Italy,Area harvested,Grapes,2010,777500.0
Italy,Area harvested,Grapes,2011,725353.0
Italy,Area harvested,Grapes,2012,686644.0
Italy,Area harvested,Grapes,2013,702106.0
Italy,Area harvested,Grapes,2014,682183.0
Italy,Area harvested,Grapes,2015,672858.0
Italy,Area harvested,Grapes,2016,668087.0
Italy,Area harvested,Grapes,2017,670085.0
Italy,Area harvested,Grapes,2018,675820.0
Italy,Area harvested,Grapes,2019,697910.0
Italy,Area harvested,Grapes,2020,703900.0
Italy,Area harvested,Grapes,2021,702670.0
Italy,Area harvested,Grapes,2022,709890.0
Italy,Area harvested,Grapes,2023,713350.0
Italy,Area harvested,Grapes,2024,715790.0
Italy,Production,Grapes,1995,8447720.0
Italy,Production,Grapes,1996,9464542.0
Italy,Production,Grapes,1997,8057540.0
Italy,Production,Grapes,1998,9256801.0
Italy,Production,Grapes,1999,9361924.0
Italy,Production,Grapes,2000,8869500.0
Italy,Production,Grapes,2001,8988400.0
Italy,Production,Grapes,2002,7393880.0
Italy,Production,Grapes,2003,7482936.0
Italy,Production,Grapes,2004,8691970.0
Italy,Production,Grapes,2005,8553576.0
Italy,Production,Grapes,2006,8326688.0
Italy,Production,Grapes,2007,7392543.0
Italy,Production,Grapes,2008,7793301.0
Italy,Production,Grapes,2009,8242500.0
Italy,Production,Grapes,2010,7787800.0
Italy,Production,Grapes,2011,7444881.0
Italy,Production,Grapes,2012,6918043.9
Italy,Production,Grapes,2013,8010364.2
Italy,Production,Grapes,2014,6930794.4
Italy,Production,Grapes,2015,7915007.5
Italy,Production,Grapes,2016,8201913.6
Italy,Production,Grapes,2017,7169745.0
Italy,Production,Grapes,2018,8513640.0
Italy,Production,Grapes,2019,7900120.0
Italy,Production,Grapes,2020,8222360.0
Italy,Production,Grapes,2021,8149400.0
Italy,Production,Grapes,2022,8437970.0
Italy,Production,Grapes,2023,6668830.0
Italy,Production,Grapes,2024,7637640.0
Italy,Area harvested,Maize (corn),1995,941000.0
Italy,Area harvested,Maize (corn),1996,1023000.0
Italy,Area harvested,Maize (corn),1997,1039229.0
Italy,Area harvested,Maize (corn),1998,968799.0
Italy,Area harvested,Maize (corn),1999,1028000.0
Italy,Area harvested,Maize (corn),2000,1064000.0
Italy,Area harvested,Maize (corn),2001,1109341.0
Italy,Area harvested,Maize (corn),2002,1111952.0
Italy,Area harvested,Maize (corn),2003,1163229.0
Italy,Area harvested,Maize (corn),2004,1196953.0
Italy,Area harvested,Maize (corn),2005,1113166.0
Italy,Area harvested,Maize (corn),2006,1107997.0
Italy,Area harvested,Maize (corn),2007,1053396.0
Italy,Area harvested,Maize (corn),2008,991500.0
Italy,Area harvested,Maize (corn),2009,915500.0
Italy,Area harvested,Maize (corn),2010,926776.0
Italy,Area harvested,Maize (corn),2011,994831.0
Italy,Area harvested,Maize (corn),2012,978543.0
Italy,Area harvested,Maize (corn),2013,908114.0
Italy,Area harvested,Maize (corn),2014,869947.0
Italy,Area harvested,Maize (corn),2015,727366.0
Italy,Area harvested,Maize (corn),2016,660727.0
Italy,Area harvested,Maize (corn),2017,645742.0
Italy,Area harvested,Maize (corn),2018,591210.0
Italy,Area harvested,Maize (corn),2019,628800.0
Italy,Area harvested,Maize (corn),2020,602860.0
Italy,Area harvested,Maize (corn),2021,588600.0
Italy,Area harvested,Maize (corn),2022,563700.0
Italy,Area harvested,Maize (corn),2023,498450.0
Italy,Area harvested,Maize (corn),2024,495350.0
Italy,Production,Maize (corn),1995,8440300.0
Italy,Production,Maize (corn),1996,9547500.0
Italy,Production,Maize (corn),1997,10004698.0
Italy,Production,Maize (corn),1998,9030860.0
Italy,Production,Maize (corn),1999,10017200.0
Italy,Production,Maize (corn),2000,10137500.0
Italy,Production,Maize (corn),2001,10553706.0
Italy,Production,Maize (corn),2002,10554422.0
Italy,Production,Maize (corn),2003,8702288.0
Italy,Production,Maize (corn),2004,11368007.0
Italy,Production,Maize (corn),2005,10427930.0
Italy,Production,Maize (corn),2006,9671206.0
Italy,Production,Maize (corn),2007,9809266.0
Italy,Production,Maize (corn),2008,9491203.0
Italy,Production,Maize (corn),2009,7877700.0
Italy,Production,Maize (corn),2010,8495940.0
Italy,Production,Maize (corn),2011,9752592.0
Italy,Production,Maize (corn),2012,7860123.3
Italy,Production,Maize (corn),2013,7899616.5
Italy,Production,Maize (corn),2014,9239544.9
Italy,Production,Maize (corn),2015,7073896.0
Italy,Production,Maize (corn),2016,6839499.2
Italy,Production,Maize (corn),2017,6048499.0
Italy,Production,Maize (corn),2018,6199150.0
Italy,Production,Maize (corn),2019,6279120.0
Italy,Production,Maize (corn),2020,6793130.0
Italy,Production,Maize (corn),2021,6079960.0
Italy,Production,Maize (corn),2022,4697170.0
Italy,Production,Maize (corn),2023,5348700.0
Italy,Production,Maize (corn),2024,4940530.0
Italy,Area harvested,Sugar beet,1995,283993.0
Italy,Area harvested,Sugar beet,1996,258000.0
Italy,Area harvested,Sugar beet,1997,295209.0
Italy,Area harvested,Sugar beet,1998,288000.0
Italy,Area harvested,Sugar beet,1999,283785.0
Italy,Area harvested,Sugar beet,2000,267511.0
Italy,Area harvested,Sugar beet,2001,246445.0
Italy,Area harvested,Sugar beet,2002,242000.0
Italy,Area harvested,Sugar beet,2003,214172.0
Italy,Area harvested,Sugar beet,2004,185805.0
Italy,Area harvested,Sugar beet,2005,253043.0
Italy,Area harvested,Sugar beet,2006,91230.0
Italy,Area harvested,Sugar beet,2007,86275.0
Italy,Area harvested,Sugar beet,2008,61173.0
Italy,Area harvested,Sugar beet,2009,60614.0
Italy,Area harvested,Sugar beet,2010,62700.0
Italy,Area harvested,Sugar beet,2011,62235.0
Italy,Area harvested,Sugar beet,2012,53514.0
Italy,Area harvested,Sugar beet,2013,40712.0
Italy,Area harvested,Sugar beet,2014,51986.0
Italy,Area harvested,Sugar beet,2015,38124.0
Italy,Area harvested,Sugar beet,2016,32297.0
Italy,Area harvested,Sugar beet,2017,37972.0
Italy,Area harvested,Sugar beet,2018,34410.0
Italy,Area harvested,Sugar beet,2019,29970.0
Italy,Area harvested,Sugar beet,2020,27270.0
Italy,Area harvested,Sugar beet,2021,27910.0
Italy,Area harvested,Sugar beet,2022,25790.0
Italy,Area harvested,Sugar beet,2023,23490.0
Italy,Area harvested,Sugar beet,2024,29230.0
Italy,Production,Sugar beet,1995,13188320.0
Italy,Production,Sugar beet,1996,12114200.0
Italy,Production,Sugar beet,1997,13802671.0
Italy,Production,Sugar beet,1998,13381800.0
Italy,Production,Sugar beet,1999,14505400.0
Italy,Production,Sugar beet,2000,12370000.0
Italy,Production,Sugar beet,2001,9916000.0
Italy,Production,Sugar beet,2002,12726038.0
Italy,Production,Sugar beet,2003,7136499.0
Italy,Production,Sugar beet,2004,8473024.0
Italy,Production,Sugar beet,2005,14155683.0
Italy,Production,Sugar beet,2006,4769614.0
Italy,Production,Sugar beet,2007,4670302.0
Italy,Production,Sugar beet,2008,3520855.0
Italy,Production,Sugar beet,2009,3307681.0
Italy,Production,Sugar beet,2010,3550100.0
Italy,Production,Sugar beet,2011,3547946.5
Italy,Production,Sugar beet,2012,2492465.6
Italy,Production,Sugar beet,2013,2159381.0
Italy,Production,Sugar beet,2014,3784434.7
Italy,Production,Sugar beet,2015,2183878.1
Italy,Production,Sugar beet,2016,2046297.0
Italy,Production,Sugar beet,2017,2453568.0
Italy,Production,Sugar beet,2018,1941480.0
Italy,Production,Sugar beet,2019,1779130.0
Italy,Production,Sugar beet,2020,1831090.0
Italy,Production,Sugar beet,2021,1510710.0
Italy,Production,Sugar beet,2022,1110280.0
Italy,Production,Sugar beet,2023,1398540.0
Italy,Production,Sugar beet,2024,1534440.0
Italy,Area harvested,Wheat,1995,2482120.0
Italy,Area harvested,Wheat,1996,2407992.0
Italy,Area harvested,Wheat,1997,2366121.0
Italy,Area harvested,Wheat,1998,2327950.0
Italy,Area harvested,Wheat,1999,2387266.0
Italy,Area harvested,Wheat,2000,2322840.0
Italy,Area harvested,Wheat,2001,2289372.0
Italy,Area harvested,Wheat,2002,2415535.0
Italy,Area harvested,Wheat,2003,2266760.0
Italy,Area harvested,Wheat,2004,2353972.0
Italy,Area harvested,Wheat,2005,2122896.0
Italy,Area harvested,Wheat,2006,1925651.0
Italy,Area harvested,Wheat,2007,2100437.0
Italy,Area harvested,Wheat,2008,2288849.0
Italy,Area harvested,Wheat,2009,1822355.0
Italy,Area harvested,Wheat,2010,1830475.0
Italy,Area harvested,Wheat,2011,1732580.0
Italy,Area harvested,Wheat,2012,1853637.0
Italy,Area harvested,Wheat,2013,1902157.0
Italy,Area harvested,Wheat,2014,1874179.0
Italy,Area harvested,Wheat,2015,1882516.0
Italy,Area harvested,Wheat,2016,1912418.0
Italy,Area harvested,Wheat,2017,1806572.0
Italy,Area harvested,Wheat,2018,1821730.0
Italy,Area harvested,Wheat,2019,1754640.0
Italy,Area harvested,Wheat,2020,1711220.0
Italy,Area harvested,Wheat,2021,1726610.0
Italy,Area harvested,Wheat,2022,1776730.0
Italy,Area harvested,Wheat,2023,1867560.0
Italy,Area harvested,Wheat,2024,1697750.0
Italy,Production,Wheat,1995,7946080.0
Italy,Production,Wheat,1996,7987241.0
Italy,Production,Wheat,1997,6758351.0
Italy,Production,Wheat,1998,8338301.0
Italy,Production,Wheat,1999,7742800.0
Italy,Production,Wheat,2000,7463968.0
Italy,Production,Wheat,2001,6413300.0
Italy,Production,Wheat,2002,7547763.0
Italy,Production,Wheat,2003,6229453.0
Italy,Production,Wheat,2004,8638721.0
Italy,Production,Wheat,2005,7717129.0
Italy,Production,Wheat,2006,7181720.0
Italy,Production,Wheat,2007,7170181.0
Italy,Production,Wheat,2008,8855440.0
Italy,Production,Wheat,2009,6534746.0
Italy,Production,Wheat,2010,6849858.0
Italy,Production,Wheat,2011,6641806.5
Italy,Production,Wheat,2012,7654248.3
Italy,Production,Wheat,2013,7312024.7
Italy,Production,Wheat,2014,7141926.4
Italy,Production,Wheat,2015,7394494.7
Italy,Production,Wheat,2016,8037872.1
Italy,Production,Wheat,2017,6966465.0
Italy,Production,Wheat,2018,7104650.0
Italy,Production,Wheat,2019,6739470.0
Italy,Production,Wheat,2020,6716180.0
Italy,Production,Wheat,2021,7294570.0
Italy,Production,Wheat,2022,6609520.0
Italy,Production,Wheat,2023,6894470.0
Italy,Production,Wheat,2024,6213210.0
Netherlands,Area harvested,Grapes,1995,33.0
Netherlands,Area harvested,Grapes,1996,33.0
Netherlands,Area harvested,Grapes,1997,11.0
Netherlands,Area harvested,Grapes,1998,11.0
Netherlands,Area harvested,Grapes,1999,11.0
Netherlands,Area harvested,Grapes,2000,11.0
Netherlands,Area harvested,Grapes,2001,11.0
Netherlands,Area harvested,Grapes,2002,11.0
Netherlands,Area harvested,Grapes,2003,22.0
Netherlands,Area harvested,Grapes,2004,55.0
Netherlands,Area harvested,Grapes,2005,90.0
Netherlands,Area harvested,Grapes,2006,100.0
Netherlands,Area harvested,Grapes,2007,160.0
Netherlands,Area harvested,Grapes,2008,180.0
Netherlands,Area harvested,Grapes,2009,190.0
Netherlands,Area harvested,Grapes,2010,200.0
Netherlands,Area harvested,Grapes,2011,134.0
Netherlands,Area harvested,Grapes,2012,123.0
Netherlands,Area harvested,Grapes,2013,106.0
Netherlands,Area harvested,Grapes,2014,55.0
Netherlands,Area harvested,Grapes,2015,54.0
Netherlands,Area harvested,Grapes,2016,63.0
Netherlands,Area harvested,Grapes,2017,71.0
Netherlands,Area harvested,Grapes,2018,170.0
Netherlands,Area harvested,Grapes,2019,160.0
Netherlands,Area harvested,Grapes,2020,170.0
Netherlands,Area harvested,Grapes,2021,190.0
Netherlands,Area harvested,Grapes,2022,210.0
Netherlands,Area harvested,Grapes,2023,250.0
Netherlands,Area harvested,Grapes,2024,230.0
Netherlands,Production,Grapes,1995,300.0
Netherlands,Production,Grapes,1996,300.0
Netherlands,Production,Grapes,1997,100.0
Netherlands,Production,Grapes,1998,100.0
Netherlands,Production,Grapes,1999,100.0
Netherlands,Production,Grapes,2000,100.0
Netherlands,Production,Grapes,2001,100.0
Netherlands,Production,Grapes,2002,100.0
Netherlands,Production,Grapes,2003,200.0
Netherlands,Production,Grapes,2004,470.0
Netherlands,Production,Grapes,2005,680.0
Netherlands,Production,Grapes,2006,730.0
Netherlands,Production,Grapes,2007,860.0
Netherlands,Production,Grapes,2008,875.0
Netherlands,Production,Grapes,2009,880.0
Netherlands,Production,Grapes,2010,804.58
Netherlands,Production,Grapes,2011,751.24
Netherlands,Production,Grapes,2012,689.15
Netherlands,Production,Grapes,2013,593.28
Netherlands,Production,Grapes,2014,305.88
Netherlands,Production,Grapes,2015,300.0
Netherlands,Production,Grapes,2016,350.0
Netherlands,Production,Grapes,2017,400.0
Netherlands,Production,Grapes,2018,1700.0
Netherlands,Production,Grapes,2019,1600.0
Netherlands,Production,Grapes,2020,1700.0
Netherlands,Production,Grapes,2021,1930.0
Netherlands,Production,Grapes,2022,2100.0
Netherlands,Production,Grapes,2023,2460.0
Netherlands,Production,Grapes,2024,2330.0
Netherlands,Area harvested,Maize (corn),1995,9000.0
Netherlands,Area harvested,Maize (corn),1996,10900.0
Netherlands,Area harvested,Maize (corn),1997,12700.0
Netherlands,Area harvested,Maize (corn),1998,13700.0
Netherlands,Area harvested,Maize (corn),1999,16000.0
Netherlands,Area harvested,Maize (corn),2000,20300.0
Netherlands,Area harvested,Maize (corn),2001,27200.0
Netherlands,Area harvested,Maize (corn),2002,23700.0
Netherlands,Area harvested,Maize (corn),2003,24547.0
Netherlands,Area harvested,Maize (corn),2004,22400.0
Netherlands,Area harvested,Maize (corn),2005,20748.0
Netherlands,Area harvested,Maize (corn),2006,19797.0
Netherlands,Area harvested,Maize (corn),2007,19300.0
Netherlands,Area harvested,Maize (corn),2008,22100.0
Netherlands,Area harvested,Maize (corn),2009,18846.0
Netherlands,Area harvested,Maize (corn),2010,16733.0
Netherlands,Area harvested,Maize (corn),2011,16570.0
Netherlands,Area harvested,Maize (corn),2012,15505.0
Netherlands,Area harvested,Maize (corn),2013,15512.0
Netherlands,Area harvested,Maize (corn),2014,12594.0
Netherlands,Area harvested,Maize (corn),2015,11188.0
Netherlands,Area harvested,Maize (corn),2016,8424.0
Netherlands,Area harvested,Maize (corn),2017,8671.0
Netherlands,Area harvested,Maize (corn),2018,13760.0
Netherlands,Area harvested,Maize (corn),2019,19010.0
Netherlands,Area harvested,Maize (corn),2020,19420.0
Netherlands,Area harvested,Maize (corn),2021,17200.0
Netherlands,Area harvested,Maize (corn),2022,20100.0
Netherlands,Area harvested,Maize (corn),2023,14800.0
Netherlands,Area harvested,Maize (corn),2024,14520.0
Netherlands,Production,Maize (corn),1995,63400.0
Netherlands,Production,Maize (corn),1996,87200.0
Netherlands,Production,Maize (corn),1997,64000.0
Netherlands,Production,Maize (corn),1998,150700.0
Netherlands,Production,Maize (corn),1999,112300.0
Netherlands,Production,Maize (corn),2000,223300.0
Netherlands,Production,Maize (corn),2001,242000.0
Netherlands,Production,Maize (corn),2002,230000.0
Netherlands,Production,Maize (corn),2003,206000.0
Netherlands,Production,Maize (corn),2004,190000.0
Netherlands,Production,Maize (corn),2005,183000.0
Netherlands,Production,Maize (corn),2006,181200.0
Netherlands,Production,Maize (corn),2007,230600.0
Netherlands,Production,Maize (corn),2008,252300.0
Netherlands,Production,Maize (corn),2009,244911.0
Netherlands,Production,Maize (corn),2010,196903.0
Netherlands,Production,Maize (corn),2011,204400.0
Netherlands,Production,Maize (corn),2012,191363.0
Netherlands,Production,Maize (corn),2013,185284.0
Netherlands,Production,Maize (corn),2014,173066.0
Netherlands,Production,Maize (corn),2015,121114.0
Netherlands,Production,Maize (corn),2016,84641.0
Netherlands,Production,Maize (corn),2017,116711.0
Netherlands,Production,Maize (corn),2018,89280.0
Netherlands,Production,Maize (corn),2019,148300.0
Netherlands,Production,Maize (corn),2020,165790.0
Netherlands,Production,Maize (corn),2021,171420.0
Netherlands,Production,Maize (corn),2022,176900.0
Netherlands,Production,Maize (corn),2023,151930.0
Netherlands,Production,Maize (corn),2024,122710.0
Netherlands,Area harvested,Sugar beet,1995,116100.0
Netherlands,Area harvested,Sugar beet,1996,117000.0
Netherlands,Area harvested,Sugar beet,1997,114100.0
Netherlands,Area harvested,Sugar beet,1998,109689.0
Netherlands,Area harvested,Sugar beet,1999,119700.0
Netherlands,Area harvested,Sugar beet,2000,111000.0
Netherlands,Area harvested,Sugar beet,2001,109100.0
Netherlands,Area harvested,Sugar beet,2002,108900.0
Netherlands,Area harvested,Sugar beet,2003,102787.0
Netherlands,Area harvested,Sugar beet,2004,97700.0
Netherlands,Area harvested,Sugar beet,2005,91300.0
Netherlands,Area harvested,Sugar beet,2006,82781.0
Netherlands,Area harvested,Sugar beet,2007,82100.0
Netherlands,Area harvested,Sugar beet,2008,72200.0
Netherlands,Area harvested,Sugar beet,2009,72702.0
Netherlands,Area harvested,Sugar beet,2010,70560.0
Netherlands,Area harvested,Sugar beet,2011,73329.0
Netherlands,Area harvested,Sugar beet,2012,72000.0
Netherlands,Area harvested,Sugar beet,2013,73194.0
Netherlands,Area harvested,Sugar beet,2014,75094.0
Netherlands,Area harvested,Sugar beet,2015,58433.0
Netherlands,Area harvested,Sugar beet,2016,70722.0
Netherlands,Area harvested,Sugar beet,2017,85352.0
Netherlands,Area harvested,Sugar beet,2018,85200.0
Netherlands,Area harvested,Sugar beet,2019,79180.0
Netherlands,Area harvested,Sugar beet,2020,81460.0
Netherlands,Area harvested,Sugar beet,2021,80690.0
Netherlands,Area harvested,Sugar beet,2022,81800.0
Netherlands,Area harvested,Sugar beet,2023,80440.0
Netherlands,Area harvested,Sugar beet,2024,84480.0
Netherlands,Production,Sugar beet,1995,6449400.0
Netherlands,Production,Sugar beet,1996,6415700.0
Netherlands,Production,Sugar beet,1997,6606000.0
Netherlands,Production,Sugar beet,1998,5504500.0
Netherlands,Production,Sugar beet,1999,7396000.0
Netherlands,Production,Sugar beet,2000,6798000.0
Netherlands,Production,Sugar beet,2001,5996000.0
Netherlands,Production,Sugar beet,2002,6250195.0
Netherlands,Production,Sugar beet,2003,6209800.0
Netherlands,Production,Sugar beet,2004,6292200.0
Netherlands,Production,Sugar beet,2005,5931000.0
Netherlands,Production,Sugar beet,2006,5414100.0
Netherlands,Production,Sugar beet,2007,5511500.0
Netherlands,Production,Sugar beet,2008,5218500.0
Netherlands,Production,Sugar beet,2009,5734969.0
Netherlands,Production,Sugar beet,2010,5280433.0
Netherlands,Production,Sugar beet,2011,5857980.0
Netherlands,Production,Sugar beet,2012,5728000.0
Netherlands,Production,Sugar beet,2013,5727418.0
Netherlands,Production,Sugar beet,2014,6821774.0
Netherlands,Production,Sugar beet,2015,4868255.0
Netherlands,Production,Sugar beet,2016,5502200.0
Netherlands,Production,Sugar beet,2017,7959266.0
Netherlands,Production,Sugar beet,2018,6506310.0
Netherlands,Production,Sugar beet,2019,6644710.0
Netherlands,Production,Sugar beet,2020,6691360.0
Netherlands,Production,Sugar beet,2021,6555960.0
Netherlands,Production,Sugar beet,2022,7256600.0
Netherlands,Production,Sugar beet,2023,6942510.0
Netherlands,Production,Sugar beet,2024,6353710.0
Netherlands,Area harvested,Wheat,1995,135400.0
Netherlands,Area harvested,Wheat,1996,141600.0
Netherlands,Area harvested,Wheat,1997,137500.0
Netherlands,Area harvested,Wheat,1998,139300.0
Netherlands,Area harvested,Wheat,1999,102195.0
Netherlands,Area harvested,Wheat,2000,136700.0
Netherlands,Area harvested,Wheat,2001,124700.0
Netherlands,Area harvested,Wheat,2002,135215.0
Netherlands,Area harvested,Wheat,2003,129245.0
Netherlands,Area harvested,Wheat,2004,137287.0
Netherlands,Area harvested,Wheat,2005,136700.0
Netherlands,Area harvested,Wheat,2006,141100.0
Netherlands,Area harvested,Wheat,2007,140000.0
Netherlands,Area harvested,Wheat,2008,156500.0
Netherlands,Area harvested,Wheat,2009,150888.0
Netherlands,Area harvested,Wheat,2010,153723.0
Netherlands,Area harvested,Wheat,2011,151041.0
Netherlands,Area harvested,Wheat,2012,151625.0
Netherlands,Area harvested,Wheat,2013,152737.0
Netherlands,Area harvested,Wheat,2014,142212.0
Netherlands,Area harvested,Wheat,2015,142468.0
Netherlands,Area harvested,Wheat,2016,127328.0
Netherlands,Area harvested,Wheat,2017,115923.0
Netherlands,Area harvested,Wheat,2018,111660.0
Netherlands,Area harvested,Wheat,2019,120550.0
Netherlands,Area harvested,Wheat,2020,108910.0
Netherlands,Area harvested,Wheat,2021,118140.0
Netherlands,Area harvested,Wheat,2022,123800.0
Netherlands,Area harvested,Wheat,2023,129540.0
Netherlands,Area harvested,Wheat,2024,95850.0
Netherlands,Production,Wheat,1995,1167000.0
Netherlands,Production,Wheat,1996,1268900.0
Netherlands,Production,Wheat,1997,1063000.0
Netherlands,Production,Wheat,1998,1072000.0
Netherlands,Production,Wheat,1999,851400.0
Netherlands,Production,Wheat,2000,1142700.0
Netherlands,Production,Wheat,2001,990700.0
Netherlands,Production,Wheat,2002,1056640.0
Netherlands,Production,Wheat,2003,1130100.0
Netherlands,Production,Wheat,2004,1223900.0
Netherlands,Production,Wheat,2005,1174686.0
Netherlands,Production,Wheat,2006,1184400.0
Netherlands,Production,Wheat,2007,1018000.0
Netherlands,Production,Wheat,2008,1366162.0
Netherlands,Production,Wheat,2009,1402040.0
Netherlands,Production,Wheat,2010,1369553.0
Netherlands,Production,Wheat,2011,1175275.0
Netherlands,Production,Wheat,2012,1302002.0
Netherlands,Production,Wheat,2013,1335105.0
Netherlands,Production,Wheat,2014,1304054.0
Netherlands,Production,Wheat,2015,1300085.0
Netherlands,Production,Wheat,2016,1016479.0
Netherlands,Production,Wheat,2017,1054151.0
Netherlands,Production,Wheat,2018,961920.0
Netherlands,Production,Wheat,2019,1130530.0
Netherlands,Production,Wheat,2020,931830.0
Netherlands,Production,Wheat,2021,947250.0
Netherlands,Production,Wheat,2022,1162860.0
Netherlands,Production,Wheat,2023,1096820.0
Netherlands,Production,Wheat,2024,668170.0
Portugal,Area harvested,Grapes,1995,241964.0
Portugal,Area harvested,Grapes,1996,236654.0
Portugal,Area harvested,Grapes,1997,232226.0
Portugal,Area harvested,Grapes,1998,226497.0
Portugal,Area harvested,Grapes,1999,219442.0
Portugal,Area harvested,Grapes,2000,217899.0
Portugal,Area harvested,Grapes,2001,217691.0
Portugal,Area harvested,Grapes,2002,216642.0
Portugal,Area harvested,Grapes,2003,213385.0
Portugal,Area harvested,Grapes,2004,208956.0
Portugal,Area harvested,Grapes,2005,204494.0
Portugal,Area harvested,Grapes,2006,199313.0
Portugal,Area harvested,Grapes,2007,193988.0
Portugal,Area harvested,Grapes,2008,187800.0
Portugal,Area harvested,Grapes,2009,181197.0
Portugal,Area harvested,Grapes,2010,180079.0
Portugal,Area harvested,Grapes,2011,179472.0
Portugal,Area harvested,Grapes,2012,179469.0
Portugal,Area harvested,Grapes,2013,179505.0
Portugal,Area harvested,Grapes,2014,178986.0
Portugal,Area harvested,Grapes,2015,178957.0
Portugal,Area harvested,Grapes,2016,174976.0
Portugal,Area harvested,Grapes,2017,178884.0
Portugal,Area harvested,Grapes,2018,178780.0
Portugal,Area harvested,Grapes,2019,175650.0
Portugal,Area harvested,Grapes,2020,175670.0
Portugal,Area harvested,Grapes,2021,175620.0
Portugal,Area harvested,Grapes,2022,175790.0
Portugal,Area harvested,Grapes,2023,175810.0
Portugal,Area harvested,Grapes,2024,173210.0
Portugal,Production,Grapes,1995,997789.0
Portugal,Production,Grapes,1996,1319862.0
Portugal,Production,Grapes,1997,849962.0
Portugal,Production,Grapes,1998,517165.0
Portugal,Production,Grapes,1999,1069402.0
Portugal,Production,Grapes,2000,913587.0
Portugal,Production,Grapes,2001,1051898.0
Portugal,Production,Grapes,2002,910383.0
Portugal,Production,Grapes,2003,994287.0
Portugal,Production,Grapes,2004,1006998.0
Portugal,Production,Grapes,2005,973117.0
Portugal,Production,Grapes,2006,1008364.0
Portugal,Production,Grapes,2007,806486.0
Portugal,Production,Grapes,2008,750924.0
Portugal,Production,Grapes,2009,784668.0
Portugal,Production,Grapes,2010,947299.0
Portugal,Production,Grapes,2011,746512.0
Portugal,Production,Grapes,2012,841619.0
Portugal,Production,Grapes,2013,827745.0
Portugal,Production,Grapes,2014,818512.0
Portugal,Production,Grapes,2015,934633.0
Portugal,Production,Grapes,2016,773904.0
Portugal,Production,Grapes,2017,868635.0
Portugal,Production,Grapes,2018,802080.0
Portugal,Production,Grapes,2019,864850.0
Portugal,Production,Grapes,2020,853380.0
Portugal,Production,Grapes,2021,977670.0
Portugal,Production,Grapes,2022,903510.0
Portugal,Production,Grapes,2023,999740.0
Portugal,Production,Grapes,2024,917890.0
Portugal,Area harvested,Maize (corn),1995,163816.0
Portugal,Area harvested,Maize (corn),1996,168774.0
Portugal,Area harvested,Maize (corn),1997,174101.0
Portugal,Area harvested,Maize (corn),1998,182654.0
Portugal,Area harvested,Maize (corn),1999,163622.0
Portugal,Area harvested,Maize (corn),2000,152504.0
Portugal,Area harvested,Maize (corn),2001,154786.0
Portugal,Area harvested,Maize (corn),2002,140124.0
Portugal,Area harvested,Maize (corn),2003,141440.0
Portugal,Area harvested,Maize (corn),2004,137349.0
Portugal,Area harvested,Maize (corn),2005,109906.0
Portugal,Area harvested,Maize (corn),2006,102603.0
Portugal,Area harvested,Maize (corn),2007,105615.0
Portugal,Area harvested,Maize (corn),2008,110877.0
Portugal,Area harvested,Maize (corn),2009,94727.0
Portugal,Area harvested,Maize (corn),2010,90371.0
Portugal,Area harvested,Maize (corn),2011,99983.0
Portugal,Area harvested,Maize (corn),2012,102197.0
Portugal,Area harvested,Maize (corn),2013,111792.0
Portugal,Area harvested,Maize (corn),2014,107642.0
Portugal,Area harvested,Maize (corn),2015,97911.0
Portugal,Area harvested,Maize (corn),2016,88614.0
Portugal,Area harvested,Maize (corn),2017,86520.0
Portugal,Area harvested,Maize (corn),2018,83360.0
Portugal,Area harvested,Maize (corn),2019,77020.0
Portugal,Area harvested,Maize (corn),2020,72990.0
Portugal,Area harvested,Maize (corn),2021,74470.0
Portugal,Area harvested,Maize (corn),2022,74640.0
Portugal,Area harvested,Maize (corn),2023,75390.0
Portugal,Area harvested,Maize (corn),2024,65160.0
Portugal,Production,Maize (corn),1995,714627.0
Portugal,Production,Maize (corn),1996,789290.0
Portugal,Production,Maize (corn),1997,863410.0
Portugal,Production,Maize (corn),1998,980922.0
Portugal,Production,Maize (corn),1999,934104.0
Portugal,Production,Maize (corn),2000,881589.0
Portugal,Production,Maize (corn),2001,912143.0
Portugal,Production,Maize (corn),2002,802707.0
Portugal,Production,Maize (corn),2003,803897.0
Portugal,Production,Maize (corn),2004,794819.0
Portugal,Production,Maize (corn),2005,514415.0
Portugal,Production,Maize (corn),2006,542620.0
Portugal,Production,Maize (corn),2007,616917.0
Portugal,Production,Maize (corn),2008,701606.0
Portugal,Production,Maize (corn),2009,634069.0
Portugal,Production,Maize (corn),2010,626222.0
Portugal,Production,Maize (corn),2011,810267.0
Portugal,Production,Maize (corn),2012,848666.0
Portugal,Production,Maize (corn),2013,929538.0
Portugal,Production,Maize (corn),2014,896995.0
Portugal,Production,Maize (corn),2015,827544.0
Portugal,Production,Maize (corn),2016,710634.0
Portugal,Production,Maize (corn),2017,745123.0
Portugal,Production,Maize (corn),2018,713860.0
Portugal,Production,Maize (corn),2019,755130.0
Portugal,Production,Maize (corn),2020,682090.0
Portugal,Production,Maize (corn),2021,752490.0
Portugal,Production,Maize (corn),2022,717990.0
Portugal,Production,Maize (corn),2023,767210.0
Portugal,Production,Maize (corn),2024,617530.0
Portugal,Area harvested,Sugar beet,1995,1313.0
Portugal,Area harvested,Sugar beet,1996,737.0
Portugal,Area harvested,Sugar beet,1997,3502.0
Portugal,Area harvested,Sugar beet,1998,3486.0
Portugal,Area harvested,Sugar beet,1999,8248.0
Portugal,Area harvested,Sugar beet,2000,7892.0
Portugal,Area harvested,Sugar beet,2001,5373.0
Portugal,Area harvested,Sugar beet,2002,9040.0
Portugal,Area harvested,Sugar beet,2003,7493.0
Portugal,Area harvested,Sugar beet,2004,8358.0
Portugal,Area harvested,Sugar beet,2005,8623.0
Portugal,Area harvested,Sugar beet,2006,4275.0
Portugal,Area harvested,Sugar beet,2007,2910.0
Portugal,Area harvested,Sugar beet,2008,1586.0
Portugal,Area harvested,Sugar beet,2009,135.0
Portugal,Area harvested,Sugar beet,2010,162.0
Portugal,Area harvested,Sugar beet,2011,321.0
Portugal,Area harvested,Sugar beet,2012,371.0
Portugal,Area harvested,Sugar beet,2013,382.0
Portugal,Area harvested,Sugar beet,2014,354.0
Portugal,Area harvested,Sugar beet,2015,100.0
Portugal,Area harvested,Sugar beet,2016,265.0
Portugal,Area harvested,Sugar beet,2017,282.0
Portugal,Area harvested,Sugar beet,2018,0.0
Portugal,Area harvested,Sugar beet,2019,0.0
Portugal,Area harvested,Sugar beet,2020,0.0
Portugal,Area harvested,Sugar beet,2021,0.0
Portugal,Area harvested,Sugar beet,2022,0.0
Portugal,Area harvested,Sugar beet,2023,0.0
Portugal,Area harvested,Sugar beet,2024,0.0
Portugal,Production,Sugar beet,1995,56991.0
Portugal,Production,Sugar beet,1996,32400.0
Portugal,Production,Sugar beet,1997,149514.0
Portugal,Production,Sugar beet,1998,187648.0
Portugal,Production,Sugar beet,1999,505323.0
Portugal,Production,Sugar beet,2000,461735.0
Portugal,Production,Sugar beet,2001,280888.0
Portugal,Production,Sugar beet,2002,643859.0
Portugal,Production,Sugar beet,2003,484149.0
Portugal,Production,Sugar beet,2004,626562.0
Portugal,Production,Sugar beet,2005,604879.0
Portugal,Production,Sugar beet,2006,320039.0
Portugal,Production,Sugar beet,2007,251573.0
Portugal,Production,Sugar beet,2008,137001.0
Portugal,Production,Sugar beet,2009,6612.0
Portugal,Production,Sugar beet,2010,4163.0
Portugal,Production,Sugar beet,2011,7955.0
Portugal,Production,Sugar beet,2012,18894.0
Portugal,Production,Sugar beet,2013,9891.0
Portugal,Production,Sugar beet,2014,13320.0
Portugal,Production,Sugar beet,2015,5761.0
Portugal,Production,Sugar beet,2016,9657.33
Portugal,Production,Sugar beet,2017,10098.92
Portugal,Production,Sugar beet,2018,0.0
Portugal,Production,Sugar beet,2019,0.0
Portugal,Production,Sugar beet,2020,0.0
Portugal,Production,Sugar beet,2021,0.0
Portugal,Production,Sugar beet,2022,0.0
Portugal,Production,Sugar beet,2023,0.0
Portugal,Production,Sugar beet,2024,0.0
Portugal,Area harvested,Wheat,1995,259402.0
Portugal,Area harvested,Wheat,1996,236789.0
Portugal,Area harvested,Wheat,1997,276593.0
Portugal,Area harvested,Wheat,1998,148687.0
Portugal,Area harvested,Wheat,1999,220281.0
Portugal,Area harvested,Wheat,2000,226250.0
Portugal,Area harvested,Wheat,2001,183488.0
Portugal,Area harvested,Wheat,2002,230686.0
Portugal,Area harvested,Wheat,2003,174307.0
Portugal,Area harvested,Wheat,2004,187432.0
Portugal,Area harvested,Wheat,2005,122708.0
Portugal,Area harvested,Wheat,2006,104660.0
Portugal,Area harvested,Wheat,2007,54889.0
Portugal,Area harvested,Wheat,2008,88279.0
Portugal,Area harvested,Wheat,2009,72991.0
Portugal,Area harvested,Wheat,2010,57727.0
Portugal,Area harvested,Wheat,2011,42496.0
Portugal,Area harvested,Wheat,2012,54793.0
Portugal,Area harvested,Wheat,2013,52176.0
Portugal,Area harvested,Wheat,2014,47826.0
Portugal,Area harvested,Wheat,2015,39736.0
Portugal,Area harvested,Wheat,2016,38199.0
Portugal,Area harvested,Wheat,2017,29019.0
Portugal,Area harvested,Wheat,2018,27030.0
Portugal,Area harvested,Wheat,2019,28530.0
Portugal,Area harvested,Wheat,2020,30140.0
Portugal,Area harvested,Wheat,2021,28660.0
Portugal,Area harvested,Wheat,2022,31050.0
Portugal,Area harvested,Wheat,2023,24740.0
Portugal,Area harvested,Wheat,2024,24110.0
Portugal,Production,Wheat,1995,359849.0
Portugal,Production,Wheat,1996,405826.0
Portugal,Production,Wheat,1997,329271.0
Portugal,Production,Wheat,1998,150938.0
Portugal,Production,Wheat,1999,352148.0
Portugal,Production,Wheat,2000,354710.0
Portugal,Production,Wheat,2001,153604.0
Portugal,Production,Wheat,2002,413031.0
Portugal,Production,Wheat,2003,149569.0
Portugal,Production,Wheat,2004,292866.0
Portugal,Production,Wheat,2005,81530.0
Portugal,Production,Wheat,2006,249580.0
Portugal,Production,Wheat,2007,102258.0
Portugal,Production,Wheat,2008,203289.0
Portugal,Production,Wheat,2009,124146.0
Portugal,Production,Wheat,2010,82577.0
Portugal,Production,Wheat,2011,51003.0
Portugal,Production,Wheat,2012,58990.0
Portugal,Production,Wheat,2013,92014.0
Portugal,Production,Wheat,2014,98794.0
Portugal,Production,Wheat,2015,80393.0
Portugal,Production,Wheat,2016,90017.0
Portugal,Production,Wheat,2017,59610.0
Portugal,Production,Wheat,2018,70110.0
Portugal,Production,Wheat,2019,77070.0
Portugal,Production,Wheat,2020,83500.0
Portugal,Production,Wheat,2021,69440.0
Portugal,Production,Wheat,2022,61920.0
Portugal,Production,Wheat,2023,34670.0
Portugal,Production,Wheat,2024,81350.0
Spain,Area harvested,Grapes,1995,1160100.0
Spain,Area harvested,Grapes,1996,1122400.0
Spain,Area harvested,Grapes,1997,1126989.0
Spain,Area harvested,Grapes,1998,1117900.0
Spain,Area harvested,Grapes,1999,1115282.0
Spain,Area harvested,Grapes,2000,1167703.0
Spain,Area harvested,Grapes,2001,1134892.0
Spain,Area harvested,Grapes,2002,1186107.0
Spain,Area harvested,Grapes,2003,1172797.0
Spain,Area harvested,Grapes,2004,1170625.0
Spain,Area harvested,Grapes,2005,1161411.0
Spain,Area harvested,Grapes,2006,1135229.0
Spain,Area harvested,Grapes,2007,1131315.0
Spain,Area harvested,Grapes,2008,1109049.0
Spain,Area harvested,Grapes,2009,1049358.0
Spain,Area harvested,Grapes,2010,1002100.0
Spain,Area harvested,Grapes,2011,963095.0
Spain,Area harvested,Grapes,2012,947096.0
Spain,Area harvested,Grapes,2013,944200.0
Spain,Area harvested,Grapes,2014,931065.0
Spain,Area harvested,Grapes,2015,941056.0
Spain,Area harvested,Grapes,2016,935105.0
Spain,Area harvested,Grapes,2017,937763.0
Spain,Area harvested,Grapes,2018,939920.0
Spain,Area harvested,Grapes,2019,936890.0
Spain,Area harvested,Grapes,2020,931630.0
Spain,Area harvested,Grapes,2021,929390.0
Spain,Area harvested,Grapes,2022,922920.0
Spain,Area harvested,Grapes,2023,913000.0
Spain,Area harvested,Grapes,2024,903980.0
Spain,Production,Grapes,1995,3350100.0
Spain,Production,Grapes,1996,4973600.0
Spain,Production,Grapes,1997,5523400.0
Spain,Production,Grapes,1998,5146810.0
Spain,Production,Grapes,1999,5607660.0
Spain,Production,Grapes,2000,6539812.0
Spain,Production,Grapes,2001,5271740.0
Spain,Production,Grapes,2002,5934557.0
Spain,Production,Grapes,2003,7240500.0
Spain,Production,Grapes,2004,7064201.0
Spain,Production,Grapes,2005,6062500.0
Spain,Production,Grapes,2006,6595056.0
Spain,Production,Grapes,2007,5962643.0
Spain,Production,Grapes,2008,5951581.0
Spain,Production,Grapes,2009,5535333.0
Spain,Production,Grapes,2010,6107617.0
Spain,Production,Grapes,2011,5809315.0
Spain,Production,Grapes,2012,5332163.0
Spain,Production,Grapes,2013,7480000.0
Spain,Production,Grapes,2014,6222584.0
Spain,Production,Grapes,2015,5799131.0
Spain,Production,Grapes,2016,6102851.0
Spain,Production,Grapes,2017,5387403.0
Spain,Production,Grapes,2018,6983260.0
Spain,Production,Grapes,2019,5745450.0
Spain,Production,Grapes,2020,6817770.0
Spain,Production,Grapes,2021,6086920.0
Spain,Production,Grapes,2022,5902040.0
Spain,Production,Grapes,2023,4822760.0
Spain,Production,Grapes,2024,5387270.0
Spain,Area harvested,Maize (corn),1995,357500.0
Spain,Area harvested,Maize (corn),1996,439700.0
Spain,Area harvested,Maize (corn),1997,486500.0
Spain,Area harvested,Maize (corn),1998,459100.0
Spain,Area harvested,Maize (corn),1999,397500.0
Spain,Area harvested,Maize (corn),2000,433146.0
Spain,Area harvested,Maize (corn),2001,512500.0
Spain,Area harvested,Maize (corn),2002,465134.0
Spain,Area harvested,Maize (corn),2003,479900.0
Spain,Area harvested,Maize (corn),2004,479801.0
Spain,Area harvested,Maize (corn),2005,414298.0
Spain,Area harvested,Maize (corn),2006,344400.0
Spain,Area harvested,Maize (corn),2007,360998.0
Spain,Area harvested,Maize (corn),2008,366300.0
Spain,Area harvested,Maize (corn),2009,348949.0
Spain,Area harvested,Maize (corn),2010,314990.0
Spain,Area harvested,Maize (corn),2011,369264.0
Spain,Area harvested,Maize (corn),2012,390433.0
Spain,Area harvested,Maize (corn),2013,442300.0
Spain,Area harvested,Maize (corn),2014,418545.0
Spain,Area harvested,Maize (corn),2015,398257.0
Spain,Area harvested,Maize (corn),2016,359275.0
Spain,Area harvested,Maize (corn),2017,333628.0
Spain,Area harvested,Maize (corn),2018,322370.0
Spain,Area harvested,Maize (corn),2019,356830.0
Spain,Area harvested,Maize (corn),2020,343780.0
Spain,Area harvested,Maize (corn),2021,358270.0
Spain,Area harvested,Maize (corn),2022,314290.0
Spain,Area harvested,Maize (corn),2023,239900.0
Spain,Area harvested,Maize (corn),2024,288900.0
Spain,Production,Maize (corn),1995,2590400.0
Spain,Production,Maize (corn),1996,3751000.0
Spain,Production,Maize (corn),1997,4451502.0
Spain,Production,Maize (corn),1998,4349100.0
Spain,Production,Maize (corn),1999,3768600.0
Spain,Production,Maize (corn),2000,3991752.0
Spain,Production,Maize (corn),2001,4981901.0
Spain,Production,Maize (corn),2002,4425373.0
Spain,Production,Maize (corn),2003,4338700.0
Spain,Production,Maize (corn),2004,4831147.0
Spain,Production,Maize (corn),2005,3981370.0
Spain,Production,Maize (corn),2006,3355722.0
Spain,Production,Maize (corn),2007,3610937.0
Spain,Production,Maize (corn),2008,3628600.0
Spain,Production,Maize (corn),2009,3515617.0
Spain,Production,Maize (corn),2010,3324821.0
Spain,Production,Maize (corn),2011,4199927.0
Spain,Production,Maize (corn),2012,4262116.0
Spain,Production,Maize (corn),2013,4885000.0
Spain,Production,Maize (corn),2014,4776190.0
Spain,Production,Maize (corn),2015,4564416.0
Spain,Production,Maize (corn),2016,4069508.0
Spain,Production,Maize (corn),2017,3775645.0
Spain,Production,Maize (corn),2018,3842520.0
Spain,Production,Maize (corn),2019,4184460.0
Spain,Production,Maize (corn),2020,4214100.0
Spain,Production,Maize (corn),2021,4597660.0
Spain,Production,Maize (corn),2022,3590260.0
Spain,Production,Maize (corn),2023,2835360.0
Spain,Production,Maize (corn),2024,3500060.0
Spain,Area harvested,Sugar beet,1995,172465.0
Spain,Area harvested,Sugar beet,1996,157100.0
Spain,Area harvested,Sugar beet,1997,157600.0
Spain,Area harvested,Sugar beet,1998,149489.0
Spain,Area harvested,Sugar beet,1999,134900.0
Spain,Area harvested,Sugar beet,2000,125255.0
Spain,Area harvested,Sugar beet,2001,106940.0
Spain,Area harvested,Sugar beet,2002,113764.0
Spain,Area harvested,Sugar beet,2003,99834.0
Spain,Area harvested,Sugar beet,2004,103109.0
Spain,Area harvested,Sugar beet,2005,102104.0
Spain,Area harvested,Sugar beet,2006,85516.0
Spain,Area harvested,Sugar beet,2007,68171.0
Spain,Area harvested,Sugar beet,2008,52300.0
Spain,Area harvested,Sugar beet,2009,49813.0
Spain,Area harvested,Sugar beet,2010,43382.0
Spain,Area harvested,Sugar beet,2011,44931.0
Spain,Area harvested,Sugar beet,2012,38952.0
Spain,Area harvested,Sugar beet,2013,31400.0
Spain,Area harvested,Sugar beet,2014,38414.0
Spain,Area harvested,Sugar beet,2015,37605.0
Spain,Area harvested,Sugar beet,2016,32874.0
Spain,Area harvested,Sugar beet,2017,36671.0
Spain,Area harvested,Sugar beet,2018,35300.0
Spain,Area harvested,Sugar beet,2019,30180.0
Spain,Area harvested,Sugar beet,2020,27620.0
Spain,Area harvested,Sugar beet,2021,29500.0
Spain,Area harvested,Sugar beet,2022,24780.0
Spain,Area harvested,Sugar beet,2023,34870.0
Spain,Area harvested,Sugar beet,2024,45690.0
Spain,Production,Sugar beet,1995,7438212.0
Spain,Production,Sugar beet,1996,8236000.0
Spain,Production,Sugar beet,1997,8530211.0
Spain,Production,Sugar beet,1998,8866220.0
Spain,Production,Sugar beet,1999,8248000.0
Spain,Production,Sugar beet,2000,7929700.0
Spain,Production,Sugar beet,2001,6755103.0
Spain,Production,Sugar beet,2002,8197289.0
Spain,Production,Sugar beet,2003,6365142.0
Spain,Production,Sugar beet,2004,7174942.0
Spain,Production,Sugar beet,2005,7291092.0
Spain,Production,Sugar beet,2006,5827031.0
Spain,Production,Sugar beet,2007,4909958.0
Spain,Production,Sugar beet,2008,3987500.0
Spain,Production,Sugar beet,2009,4225433.0
Spain,Production,Sugar beet,2010,3534517.0
Spain,Production,Sugar beet,2011,4188535.0
Spain,Production,Sugar beet,2012,3460230.0
Spain,Production,Sugar beet,2013,2468700.0
Spain,Production,Sugar beet,2014,3723309.0
Spain,Production,Sugar beet,2015,3605112.0
Spain,Production,Sugar beet,2016,3014358.0
Spain,Production,Sugar beet,2017,3292750.0
Spain,Production,Sugar beet,2018,2870910.0
Spain,Production,Sugar beet,2019,2752710.0
Spain,Production,Sugar beet,2020,2432840.0
Spain,Production,Sugar beet,2021,2506290.0
Spain,Production,Sugar beet,2022,2001040.0
Spain,Production,Sugar beet,2023,2890250.0
Spain,Production,Sugar beet,2024,3522240.0
Spain,Area harvested,Wheat,1995,2126400.0
Spain,Area harvested,Wheat,1996,2012400.0
Spain,Area harvested,Wheat,1997,2078550.0
Spain,Area harvested,Wheat,1998,1912560.0
Spain,Area harvested,Wheat,1999,2422400.0
Spain,Area harvested,Wheat,2000,2353027.0
Spain,Area harvested,Wheat,2001,2177005.0
Spain,Area harvested,Wheat,2002,2406643.0
Spain,Area harvested,Wheat,2003,2151500.0
Spain,Area harvested,Wheat,2004,2175028.0
Spain,Area harvested,Wheat,2005,2274109.0
Spain,Area harvested,Wheat,2006,1920233.0
Spain,Area harvested,Wheat,2007,1803313.0
Spain,Area harvested,Wheat,2008,2067000.0
Spain,Area harvested,Wheat,2009,1772752.0
Spain,Area harvested,Wheat,2010,1948073.0
Spain,Area harvested,Wheat,2011,1994653.0
Spain,Area harvested,Wheat,2012,2188171.0
Spain,Area harvested,Wheat,2013,2125000.0
Spain,Area harvested,Wheat,2014,2171200.0
Spain,Area harvested,Wheat,2015,2176354.0
Spain,Area harvested,Wheat,2016,2256848.0
Spain,Area harvested,Wheat,2017,2096058.0
Spain,Area harvested,Wheat,2018,2063680.0
Spain,Area harvested,Wheat,2019,1920090.0
Spain,Area harvested,Wheat,2020,1914660.0
Spain,Area harvested,Wheat,2021,2128470.0
Spain,Area harvested,Wheat,2022,2172700.0
Spain,Area harvested,Wheat,2023,1957760.0
Spain,Area harvested,Wheat,2024,1956210.0
Spain,Production,Wheat,1995,3138700.0
Spain,Production,Wheat,1996,6040500.0
Spain,Production,Wheat,1997,4676290.0
Spain,Production,Wheat,1998,5436300.0
Spain,Production,Wheat,1999,5083800.0
Spain,Production,Wheat,2000,7293623.0
Spain,Production,Wheat,2001,5007698.0
Spain,Production,Wheat,2002,6822160.0
Spain,Production,Wheat,2003,6290100.0
Spain,Production,Wheat,2004,7096724.0
Spain,Production,Wheat,2005,4026694.0
Spain,Production,Wheat,2006,5521582.0
Spain,Production,Wheat,2007,6436359.0
Spain,Production,Wheat,2008,6714300.0
Spain,Production,Wheat,2009,4804772.0
Spain,Production,Wheat,2010,5941197.0
Spain,Production,Wheat,2011,6876657.0
Spain,Production,Wheat,2012,5189828.0
Spain,Production,Wheat,2013,7744900.0
Spain,Production,Wheat,2014,6471400.0
Spain,Production,Wheat,2015,6362694.0
Spain,Production,Wheat,2016,7873135.0
Spain,Production,Wheat,2017,4875957.0
Spain,Production,Wheat,2018,8322510.0
Spain,Production,Wheat,2019,6041170.0
Spain,Production,Wheat,2020,8143510.0
Spain,Production,Wheat,2021,8564630.0
Spain,Production,Wheat,2022,6508800.0
Spain,Production,Wheat,2023,4049230.0
Spain,Production,Wheat,2024,7147930.0
