Area,Item,Year,production_t,area_ha,Annual Yield (t/ha)
France,Grapes,1995,7212900.0,894800.0,8.060907465355386
France,Grapes,1996,7716400.0,886690.0,8.70247775434481
France,Grapes,1997,7190900.0,878148.0,8.188710786792203
France,Grapes,1998,6919069.0,862677.0,8.020463047003688
France,Grapes,1999,8040710.0,863355.0,9.313329974344272
France,Grapes,2000,7762582.0,860979.0,9.01599458291085
France,Grapes,2001,7225357.0,861343.0,8.388478225283075
France,Grapes,2002,6853482.0,861575.0,7.954597104140673
France,Grapes,2003,6307112.0,851208.0,7.40960141352055
France,Grapes,2004,7564902.0,851970.0,8.879305609352443
France,Grapes,2005,6790215.0,854824.0,7.943407063910231
France,Grapes,2006,6776880.0,885165.0,7.656064123637965
France,Grapes,2007,6019056.0,828885.0,7.261629779764382
France,Grapes,2008,6019149.0,814697.0,7.38820567646622
France,Grapes,2009,6101525.0,796128.0,7.664000010048635
France,Grapes,2010,5893530.0,771530.0,7.638756756056148
France,Grapes,2011,6640980.0,764164.0,8.690516695369057
France,Grapes,2012,5384561.0,760804.0,7.077461474965957
France,Grapes,2013,5540835.0,760546.0,7.28533842791889
France,Grapes,2014,6204909.0,757339.0,8.193040368976112
France,Grapes,2015,6258363.0,752101.0,8.321173618968729
France,Grapes,2016,6027505.7,751366.0,8.02206341516651
France,Grapes,2017,5011053.7,750463.0,6.677282824069941
France,Grapes,2018,6267790.0,750620.0,8.350150542218433
France,Grapes,2019,5489650.0,755470.0,7.2665360636425005
France,Grapes,2020,5857870.0,759590.0,7.71188404270725
France,Grapes,2021,5073590.0,757830.0,6.69489199424673
France,Grapes,2022,6199950.0,757550.0,8.18421226321695
France,Grapes,2023,6205260.0,753340.0,8.236997902673428
France,Grapes,2024,4747450.0,741330.0,6.4039631473163094
France,Maize (corn),1995,12583865.9,1630416.0,7.718193332253854
France,Maize (corn),1996,14318927.9,1707552.0,8.385646762148387
France,Maize (corn),1997,16534987.8,1824033.0,9.065070533263379
France,Maize (corn),1998,14885495.1,1761004.0,8.452845706199417
France,Maize (corn),1999,15354734.8,1715168.0,8.952321172036791
France,Maize (corn),2000,16018168.3,1764767.0,9.076647682101944
France,Maize (corn),2001,16420734.7,1915822.0,8.57111709751741
France,Maize (corn),2002,16418382.6,1829333.0,8.975065010033711
France,Maize (corn),2003,12045463.6,1684639.0,7.150174963300743
France,Maize (corn),2004,16375868.0,1821419.0,8.990719872802469
France,Maize (corn),2005,13689322.4,1658529.0,8.2538939023677
France,Maize (corn),2006,12903718.5,1503619.0,8.58177403983323
France,Maize (corn),2007,14505519.1,1529775.0,9.48212586818323
France,Maize (corn),2008,16037987.9,1757438.0,9.125777353169784
France,Maize (corn),2009,15513841.1,1744416.0,8.893429720892264
France,Maize (corn),2010,13975284.8,1582727.0,8.829877041334356
France,Maize (corn),2011,15914121.2,1596711.0,9.96681378157976
France,Maize (corn),2012,15393496.8,1709936.0,9.002381843530987
France,Maize (corn),2013,15041226.0,1843477.0,8.159161193765911
France,Maize (corn),2014,18343320.0,1825121.0,10.050467886786684
France,Maize (corn),2015,13716048.4,1637081.0,8.37835659933748
France,Maize (corn),2016,11839729.0,1442805.0,8.206049327525202
France,Maize (corn),2017,14534897.0,1435699.0,10.123916642694605
France,Maize (corn),2018,12580430.0,1426260.0,8.82057268660693
France,Maize (corn),2019,12845020.0,1506100.0,8.528663435362859
France,Maize (corn),2020,13726410.0,1730030.0,7.93420345311931
France,Maize (corn),2021,15358290.0,1549470.0,9.911963445565258
France,Maize (corn),2022,10877190.0,1456090.0,7.4701357745743735
France,Maize (corn),2023,12834600.0,1314680.0,9.762527763410107
France,Maize (corn),2024,14670620.0,1593920.0,9.204113129893596
France,Sugar beet,1995,30342117.4,454774.0,66.71911191053138
France,Sugar beet,1996,30921147.2,456361.0,67.75589325117615
France,Sugar beet,1997,34005438.9,457585.0,74.31502103434335
France,Sugar beet,1998,30789879.5,450557.0,68.33736796898062
France,Sugar beet,1999,32473614.4,435707.0,74.5308530732809
France,Sugar beet,2000,31120959.1,409664.0,75.96703420364005
France,Sugar beet,2001,26847120.7,429192.0,62.55270531603571
France,Sugar beet,2002,33463754.9,437919.0,76.41539850977007
France,Sugar beet,2003,29329540.6,399824.0,73.35612819640642
France,Sugar beet,2004,30788266.0,384557.0,80.06164495770457
France,Sugar beet,2005,31149552.0,378489.0,82.29975507874734
France,Sugar beet,2006,29871448.5,379343.0,78.74522134321708
France,Sugar beet,2007,33229782.1,393128.0,84.52662262672717
France,Sugar beet,2008,30321172.0,349258.0,86.81596985609492
France,Sugar beet,2009,35160333.3,373628.0,94.10518831565085
France,Sugar beet,2010,31874920.2,383763.0,83.05886758233598
France,Sugar beet,2011,37944863.9,391191.0,96.99830492010297
France,Sugar beet,2012,33077399.4,382683.0,86.43550771787615
France,Sugar beet,2013,33630536.0,393596.0,85.4443032957652
France,Sugar beet,2014,37844567.0,407148.0,92.95039395993595
France,Sugar beet,2015,33507670.0,385081.0,87.0146021226703
France,Sugar beet,2016,34573877.0,404985.0,85.37075941084238
France,Sugar beet,2017,46300141.0,486097.0,95.24876927855964
France,Sugar beet,2018,39914030.0,485850.0,82.15298960584542
France,Sugar beet,2019,38024390.0,446600.0,85.14193909538737
France,Sugar beet,2020,26163360.0,420670.0,62.19449925119452
France,Sugar beet,2021,34365390.0,407890.0,84.25161195420334
France,Sugar beet,2022,31496750.0,401610.0,78.42620950673539
France,Sugar beet,2023,30580680.0,380550.0,80.35916436736302
France,Sugar beet,2024,32594090.0,411630.0,79.18297986055438
France,Wheat,1995,30869728.6,4743444.0,6.507872465659973
France,Wheat,1996,35935157.3,5035701.0,7.136078432774305
France,Wheat,1997,33862197.6,5108308.0,6.628848064760387
France,Wheat,1998,39801138.2,5232624.0,7.606344006372329
France,Wheat,1999,36950991.1,5104076.0,7.239506445436941
France,Wheat,2000,37355956.9,5248436.0,7.117540711175672
France,Wheat,2001,31545319.3,4767362.0,6.616933914395425
France,Wheat,2002,38936514.8,5229556.0,7.445472388095662
France,Wheat,2003,30479361.5,4876697.0,6.250001076548328
France,Wheat,2004,39690179.5,5237005.0,7.578793508885327
France,Wheat,2005,36886102.6,5277999.0,6.988652820889129
France,Wheat,2006,35363563.4,5245735.0,6.741393417700284
France,Wheat,2007,32763445.9,5238602.0,6.254234603048675
France,Wheat,2008,39006372.0,5492443.0,7.1018255446620016
France,Wheat,2009,38336864.7,5147394.0,7.447820139666791
France,Wheat,2010,38207431.0,5426820.0,7.04048245565543
France,Wheat,2011,35992794.3,5407328.0,6.6562994329177
France,Wheat,2012,37885741.8,5297826.0,7.151186505559072
France,Wheat,2013,38651472.0,5319778.0,7.265617475014935
France,Wheat,2014,38950202.0,5297210.0,7.3529654289711
France,Wheat,2015,42750027.4,5480208.0,7.80080380160753
France,Wheat,2016,29316331.0,5542247.0,5.289611054866374
France,Wheat,2017,38677896.0,5332084.0,7.253804703751854
France,Wheat,2018,35424140.0,5234090.0,6.767965396086043
France,Wheat,2019,40604960.0,5244250.0,7.742758259045622
France,Wheat,2020,30181140.0,4519780.0,6.6775683772219
France,Wheat,2021,36559450.0,5276730.0,6.928429159725815
France,Wheat,2022,34632380.0,4949840.0,6.996666558919076
France,Wheat,2023,35995570.0,4998280.0,7.201591347423514
France,Wheat,2024,26606940.0,4454180.0,5.973476599508776
Germany,Grapes,1995,1487000.0,103266.0,14.399705614626304
Germany,Grapes,1996,1263000.0,102428.0,12.330612723083531
Germany,Grapes,1997,1146800.0,102475.0,11.191022200536716
Germany,Grapes,1998,1462600.0,101665.0,14.386465351891015
Germany,Grapes,1999,1659000.0,101330.0,16.372249087141025
Germany,Grapes,2000,1361000.0,101546.0,13.402792822957084
Germany,Grapes,2001,1226000.0,99714.0,12.295164169524842
Germany,Grapes,2002,1368000.0,98772.0,13.850078969748512
Germany,Grapes,2003,1130000.0,98270.0,11.498931515213188
Germany,Grapes,2004,1184000.0,98403.0,12.032153491255348
Germany,Grapes,2005,1449000.0,98875.0,14.654867256637168
Germany,Grapes,2006,1224700.0,99172.0,12.349251804944943
Germany,Grapes,2007,1400600.0,99702.0,14.047862630639305
Germany,Grapes,2008,1351500.0,99744.0,13.549687199230029
Germany,Grapes,2009,1235000.0,100101.0,12.337539085523622
Germany,Grapes,2010,952500.0,99907.0,9.533866495841131
Germany,Grapes,2011,1250000.0,99747.0,12.531705214191906
Germany,Grapes,2012,1227000.0,99584.0,12.321256426735218
Germany,Grapes,2013,1140000.0,99488.0,11.458668382116436
Germany,Grapes,2014,1245000.0,100075.0,12.440669497876593
Germany,Grapes,2015,1199030.0,99910.0,12.001100990891803
Germany,Grapes,2016,1225570.0,100039.0,12.250922140365258
Germany,Grapes,2017,1014235.0,100255.0,10.11655279038452
Germany,Grapes,2018,1403600.0,100180.0,14.010780594929127
Germany,Grapes,2019,1125000.0,100520.0,11.191802626343016
Germany,Grapes,2020,1149540.0,100710.0,11.414358057789693
Germany,Grapes,2021,1151470.0,100710.0,11.43352199384371
Germany,Grapes,2022,1223320.0,100870.0,12.127689104788342
Germany,Grapes,2023,1174050.0,101160.0,11.605871886120996
Germany,Grapes,2024,1059770.0,101560.0,10.434915320992516
Germany,Maize (corn),1995,2394565.0,325065.0,7.36641902388753
Germany,Maize (corn),1996,2912620.0,372116.0,7.8271829214546
Germany,Maize (corn),1997,3188356.0,368267.0,8.657729310527417
Germany,Maize (corn),1998,2781464.0,341029.0,8.15609229713602
Germany,Maize (corn),1999,3256916.0,370735.0,8.785024343533792
Germany,Maize (corn),2000,3324018.0,360841.0,9.211863396897803
Germany,Maize (corn),2001,3504514.0,396544.0,8.837642228857327
Germany,Maize (corn),2002,3738448.0,398745.0,9.375535743394902
Germany,Maize (corn),2003,3421642.0,463355.0,7.384493530878053
Germany,Maize (corn),2004,4199857.0,461697.0,9.096565496418647
Germany,Maize (corn),2005,4082700.0,443100.0,9.213947190250508
Germany,Maize (corn),2006,3220300.0,401000.0,8.03067331670823
Germany,Maize (corn),2007,3809320.0,403210.0,9.447483941370502
Germany,Maize (corn),2008,5105861.0,520478.0,9.809945857461795
Germany,Maize (corn),2009,4527228.0,464333.0,9.749959619497215
Germany,Maize (corn),2010,4211501.0,466591.0,9.026108519024156
Germany,Maize (corn),2011,5183600.0,487900.0,10.624308259889322
Germany,Maize (corn),2012,5514700.0,526200.0,10.480235651843406
Germany,Maize (corn),2013,4387300.0,497000.0,8.827565392354124
Germany,Maize (corn),2014,5142100.0,481300.0,10.683773114481612
Germany,Maize (corn),2015,3973000.0,455500.0,8.722283205268935
Germany,Maize (corn),2016,4017800.0,416300.0,9.6512130674994
Germany,Maize (corn),2017,4547600.0,432000.0,10.526851851851852
Germany,Maize (corn),2018,3344300.0,410900.0,8.138963251399367
Germany,Maize (corn),2019,3664800.0,416000.0,8.809615384615384
Germany,Maize (corn),2020,4020000.0,419300.0,9.587407584068686
Germany,Maize (corn),2021,4462400.0,430700.0,10.36080798699791
Germany,Maize (corn),2022,3837400.0,456700.0,8.402452375738998
Germany,Maize (corn),2023,4498900.0,466400.0,9.646012006861064
Germany,Maize (corn),2024,5010500.0,498400.0,10.05317014446228
Germany,Sugar beet,1995,26048756.0,512850.0,50.79215365116506
Germany,Sugar beet,1996,26064135.0,515476.0,50.5632366977318
Germany,Sugar beet,1997,25768883.0,503664.0,51.162844674227266
Germany,Sugar beet,1998,26787164.0,503376.0,53.215020183719524
Germany,Sugar beet,1999,27568807.0,489163.0,56.35914204467631
Germany,Sugar beet,2000,27870100.0,452006.0,61.65869479608678
Germany,Sugar beet,2001,24729921.0,447697.0,55.23807619885771
Germany,Sugar beet,2002,26794334.0,459400.0,58.32462777535916
Germany,Sugar beet,2003,23715735.0,445630.0,53.21844355182551
Germany,Sugar beet,2004,27158966.0,440545.0,61.64856257590031
Germany,Sugar beet,2005,25284700.0,420100.0,60.18733634848846
Germany,Sugar beet,2006,20646600.0,357600.0,57.736577181208055
Germany,Sugar beet,2007,25139137.0,402697.0,62.42692893167816
Germany,Sugar beet,2008,23002600.0,369300.0,62.28702951529922
Germany,Sugar beet,2009,25919041.0,383600.0,67.567885818561
Germany,Sugar beet,2010,23431929.0,364120.0,64.35221630231791
Germany,Sugar beet,2011,29577500.0,398100.0,74.29665913087165
Germany,Sugar beet,2012,27686800.0,402100.0,68.85550857995524
Germany,Sugar beet,2013,22828700.0,357400.0,63.87437045327364
Germany,Sugar beet,2014,29748100.0,372500.0,79.8606711409396
Germany,Sugar beet,2015,22572000.0,312800.0,72.1611253196931
Germany,Sugar beet,2016,27065500.0,364300.0,74.29453746911886
Germany,Sugar beet,2017,34059900.0,406700.0,83.74698795180723
Germany,Sugar beet,2018,26191400.0,413900.0,63.27953611983571
Germany,Sugar beet,2019,29728300.0,408700.0,72.7386836310252
Germany,Sugar beet,2020,28618100.0,386000.0,74.1401554404145
Germany,Sugar beet,2021,31945400.0,390700.0,81.76452521115945
Germany,Sugar beet,2022,28201400.0,396300.0,71.16174615190512
Germany,Sugar beet,2023,31558200.0,395800.0,79.73269327943406
Germany,Sugar beet,2024,36682200.0,437200.0,83.90256175663312
Germany,Wheat,1995,17763312.0,2578793.0,6.88822716674041
Germany,Wheat,1996,18921683.0,2594418.0,7.293228384940283
Germany,Wheat,1997,19826755.0,2719643.0,7.29020500117111
Germany,Wheat,1998,20187491.0,2802455.0,7.203502286388185
Germany,Wheat,1999,19615366.0,2601122.0,7.5411172563224635
Germany,Wheat,2000,21621548.0,2968940.0,7.282581662142044
Germany,Wheat,2001,22837837.0,2897202.0,7.882721674222232
Germany,Wheat,2002,20817740.0,3014620.0,6.905593408124407
Germany,Wheat,2003,19259811.0,2963731.0,6.498501719623002
Germany,Wheat,2004,25427210.0,3111651.0,8.171613718890711
Germany,Wheat,2005,23692700.0,3173800.0,7.465089167559393
Germany,Wheat,2006,22427900.0,3114700.0,7.200661379908177
Germany,Wheat,2007,20828077.0,2992075.0,6.961081189475531
Germany,Wheat,2008,25988564.0,3213485.0,8.087345669887988
Germany,Wheat,2009,25192350.0,3226036.0,7.809072806379098
Germany,Wheat,2010,23782955.0,3297699.0,7.211984780903291
Germany,Wheat,2011,22782700.0,3248200.0,7.013946185579706
Germany,Wheat,2012,22409300.0,3056700.0,7.33120685706808
Germany,Wheat,2013,25019100.0,3128200.0,7.997922127741193
Germany,Wheat,2014,27784700.0,3219700.0,8.629592819206758
Germany,Wheat,2015,26549500.0,3282700.0,8.08770219636275
Germany,Wheat,2016,24463800.0,3201700.0,7.640878283411937
Germany,Wheat,2017,24481600.0,3202600.0,7.64428901517517
Germany,Wheat,2018,20263500.0,3036300.0,6.673747653393933
Germany,Wheat,2019,23062600.0,3118100.0,7.396363169879093
Germany,Wheat,2020,22172100.0,2835500.0,7.81946746605537
Germany,Wheat,2021,21459200.0,2939000.0,7.3015311330384485
Germany,Wheat,2022,22587300.0,2980900.0,7.577342413365091
Germany,Wheat,2023,21535900.0,2897800.0,7.431810338877769
Germany,Wheat,2024,18526700.0,2615200.0,7.08423829917406
Italy,Grapes,1995,8447720.0,899105.0,9.39569905628375
Italy,Grapes,1996,9464542.0,896260.0,10.560040613214916
Italy,Grapes,1997,8057540.0,879526.0,9.16123002617319
Italy,Grapes,1998,9256801.0,874390.0,10.586581502533194
Italy,Grapes,1999,9361924.0,877194.0,10.672580979806064
Italy,Grapes,2000,8869500.0,872730.0,10.162936990821903
Italy,Grapes,2001,8988400.0,859859.0,10.453341768824888
Italy,Grapes,2002,7393880.0,836330.0,8.840864252149272
Italy,Grapes,2003,7482936.0,835546.0,8.955743908773425
Italy,Grapes,2004,8691970.0,787000.0,11.04443456162643
Italy,Grapes,2005,8553576.0,793000.0,10.786350567465322
Italy,Grapes,2006,8326688.0,786000.0,10.593750636132315
Italy,Grapes,2007,7392543.0,782000.0,9.453379795396419
Italy,Grapes,2008,7793301.0,788100.0,9.888720974495623
Italy,Grapes,2009,8242500.0,801900.0,10.278713056490835
Italy,Grapes,2010,7787800.0,777500.0,10.016463022508038
Italy,Grapes,2011,7444881.0,725353.0,10.263803968550485
Italy,Grapes,2012,6918043.9,686644.0,10.07515379148438
Italy,Grapes,2013,8010364.2,702106.0,11.40905247925527
Italy,Grapes,2014,6930794.4,682183.0,10.159728987676328
Italy,Grapes,2015,7915007.5,672858.0,11.763265800510657
Italy,Grapes,2016,8201913.6,668087.0,12.276714858992914
Italy,Grapes,2017,7169745.0,670085.0,10.699754508756351
Italy,Grapes,2018,8513640.0,675820.0,12.597496374774348
Italy,Grapes,2019,7900120.0,697910.0,11.319683053688872
Italy,Grapes,2020,8222360.0,703900.0,11.681147890325331
Italy,Grapes,2021,8149400.0,702670.0,11.597762818961959
Italy,Grapes,2022,8437970.0,709890.0,11.886306329149587
Italy,Grapes,2023,6668830.0,713350.0,9.348608677367352
Italy,Grapes,2024,7637640.0,715790.0,10.670224507187863
Italy,Maize (corn),1995,8440300.0,941000.0,8.969500531349627
Italy,Maize (corn),1996,9547500.0,1023000.0,9.332844574780058
Italy,Maize (corn),1997,10004698.0,1039229.0,9.627038891331939
Italy,Maize (corn),1998,9030860.0,968799.0,9.321706566583988
Italy,Maize (corn),1999,10017200.0,1028000.0,9.744357976653696
Italy,Maize (corn),2000,10137500.0,1064000.0,9.527725563909774
Italy,Maize (corn),2001,10553706.0,1109341.0,9.513491343058627
Italy,Maize (corn),2002,10554422.0,1111952.0,9.491796408478065
Italy,Maize (corn),2003,8702288.0,1163229.0,7.4811477361723275
Italy,Maize (corn),2004,11368007.0,1196953.0,9.497454787280704
Italy,Maize (corn),2005,10427930.0,1113166.0,9.367812168176174
Italy,Maize (corn),2006,9671206.0,1107997.0,8.728548904013278
Italy,Maize (corn),2007,9809266.0,1053396.0,9.3120402963368
Italy,Maize (corn),2008,9491203.0,991500.0,9.572569843671205
Italy,Maize (corn),2009,7877700.0,915500.0,8.604806116876023
Italy,Maize (corn),2010,8495940.0,926776.0,9.167198977962313
Italy,Maize (corn),2011,9752592.0,994831.0,9.803265077183964
Italy,Maize (corn),2012,7860123.3,978543.0,8.032476140547733
Italy,Maize (corn),2013,7899616.5,908114.0,8.698926015896683
Italy,Maize (corn),2014,9239544.9,869947.0,10.620813566803495
Italy,Maize (corn),2015,7073896.0,727366.0,9.725359722615574
Italy,Maize (corn),2016,6839499.2,660727.0,10.35147526890834
Italy,Maize (corn),2017,6048499.0,645742.0,9.366742445125142
Italy,Maize (corn),2018,6199150.0,591210.0,10.485529676426312
Italy,Maize (corn),2019,6279120.0,628800.0,9.98587786259542
Italy,Maize (corn),2020,6793130.0,602860.0,11.268171714825996
Italy,Maize (corn),2021,6079960.0,588600.0,10.329527692830444
Italy,Maize (corn),2022,4697170.0,563700.0,8.33274791555792
Italy,Maize (corn),2023,5348700.0,498450.0,10.730665061691242
Italy,Maize (corn),2024,4940530.0,495350.0,9.973816493388513
Italy,Sugar beet,1995,13188320.0,283993.0,46.43889109942851
Italy,Sugar beet,1996,12114200.0,258000.0,46.95426356589147
Italy,Sugar beet,1997,13802671.0,295209.0,46.75559010734768
Italy,Sugar beet,1998,13381800.0,288000.0,46.46458333333333
Italy,Sugar beet,1999,14505400.0,283785.0,51.11404760646264
Italy,Sugar beet,2000,12370000.0,267511.0,46.24108915147414
Italy,Sugar beet,2001,9916000.0,246445.0,40.236158169165535
Italy,Sugar beet,2002,12726038.0,242000.0,52.58693388429752
Italy,Sugar beet,2003,7136499.0,214172.0,33.3213445268289
Italy,Sugar beet,2004,8473024.0,185805.0,45.601700707731226
Italy,Sugar beet,2005,14155683.0,253043.0,55.94180830925969
Italy,Sugar beet,2006,4769614.0,91230.0,52.281201359202015
Italy,Sugar beet,2007,4670302.0,86275.0,54.132738336714
Italy,Sugar beet,2008,3520855.0,61173.0,57.55570267928661
Italy,Sugar beet,2009,3307681.0,60614.0,54.5695878839872
Italy,Sugar beet,2010,3550100.0,62700.0,56.620414673046255
Italy,Sugar beet,2011,3547946.5,62235.0,57.008861573069815
Italy,Sugar beet,2012,2492465.6,53514.0,46.57595395597414
Italy,Sugar beet,2013,2159381.0,40712.0,53.040405777166434
Italy,Sugar beet,2014,3784434.7,51986.0,72.79718962797676
Italy,Sugar beet,2015,2183878.1,38124.0,57.283551043961815
Italy,Sugar beet,2016,2046297.0,32297.0,63.358733009257826
Italy,Sugar beet,2017,2453568.0,37972.0,64.61519014010324
Italy,Sugar beet,2018,1941480.0,34410.0,56.42197035745423
Italy,Sugar beet,2019,1779130.0,29970.0,59.363697030363696
Italy,Sugar beet,2020,1831090.0,27270.0,67.14668133480015
Italy,Sugar beet,2021,1510710.0,27910.0,54.12791114295951
Italy,Sugar beet,2022,1110280.0,25790.0,43.050794881737104
Italy,Sugar beet,2023,1398540.0,23490.0,59.53767560664112
Italy,Sugar beet,2024,1534440.0,29230.0,52.49538145740677
Italy,Wheat,1995,7946080.0,2482120.0,3.2013278971202035
Italy,Wheat,1996,7987241.0,2407992.0,3.3169715680118537
Italy,Wheat,1997,6758351.0,2366121.0,2.8562998257485566
Italy,Wheat,1998,8338301.0,2327950.0,3.581821344960158
Italy,Wheat,1999,7742800.0,2387266.0,3.243375476381769
Italy,Wheat,2000,7463968.0,2322840.0,3.2132940710509548
Italy,Wheat,2001,6413300.0,2289372.0,2.8013359122064916
Italy,Wheat,2002,7547763.0,2415535.0,3.1246754859689467
Italy,Wheat,2003,6229453.0,2266760.0,2.7481749280911965
Italy,Wheat,2004,8638721.0,2353972.0,3.66984866430017
Italy,Wheat,2005,7717129.0,2122896.0,3.6351893828053754
Italy,Wheat,2006,7181720.0,1925651.0,3.729502386465668
Italy,Wheat,2007,7170181.0,2100437.0,3.4136615380513673
Italy,Wheat,2008,8855440.0,2288849.0,3.8689489782855926
Italy,Wheat,2009,6534746.0,1822355.0,3.5858798093675492
Italy,Wheat,2010,6849858.0,1830475.0,3.7421204878515137
Italy,Wheat,2011,6641806.5,1732580.0,3.833477530619077
Italy,Wheat,2012,7654248.3,1853637.0,4.129313506366133
Italy,Wheat,2013,7312024.7,1902157.0,3.8440700215597348
Italy,Wheat,2014,7141926.4,1874179.0,3.810695990084192
Italy,Wheat,2015,7394494.7,1882516.0,3.9279850476702456
Italy,Wheat,2016,8037872.1,1912418.0,4.202989147769996
Italy,Wheat,2017,6966465.0,1806572.0,3.8561789953569523
Italy,Wheat,2018,7104650.0,1821730.0,3.899946753909745
Italy,Wheat,2019,6739470.0,1754640.0,3.8409417316372587
Italy,Wheat,2020,6716180.0,1711220.0,3.924790500344783
Italy,Wheat,2021,7294570.0,1726610.0,4.224793091665171
Italy,Wheat,2022,6609520.0,1776730.0,3.7200475029970788
Italy,Wheat,2023,6894470.0,1867560.0,3.6916993296065455
Italy,Wheat,2024,6213210.0,1697750.0,3.659673096745693
Netherlands,Grapes,1995,300.0,33.0,9.090909090909092
Netherlands,Grapes,1996,300.0,33.0,9.090909090909092
Netherlands,Grapes,1997,100.0,11.0,9.090909090909092
Netherlands,Grapes,1998,100.0,11.0,9.090909090909092
Netherlands,Grapes,1999,100.0,11.0,9.090909090909092
Netherlands,Grapes,2000,100.0,11.0,9.090909090909092
Netherlands,Grapes,2001,100.0,11.0,9.090909090909092
Netherlands,Grapes,2002,100.0,11.0,9.090909090909092
Netherlands,Grapes,2003,200.0,22.0,9.090909090909092
Netherlands,Grapes,2004,470.0,55.0,8.545454545454545
Netherlands,Grapes,2005,680.0,90.0,7.555555555555555
Netherlands,Grapes,2006,730.0,100.0,7.3
Netherlands,Grapes,2007,860.0,160.0,5.375
Netherlands,Grapes,2008,875.0,180.0,4.861111111111111
Netherlands,Grapes,2009,880.0,190.0,4.631578947368421
Netherlands,Grapes,2010,804.58,200.0,4.0229
Netherlands,Grapes,2011,751.24,134.0,5.606268656716418
Netherlands,Grapes,2012,689.15,123.0,5.602845528455284
Netherlands,Grapes,2013,593.28,106.0,5.596981132075472
Netherlands,Grapes,2014,305.88,55.0,5.561454545454545
Netherlands,Grapes,2015,300.0,54.0,5.555555555555555
Netherlands,Grapes,2016,350.0,63.0,5.555555555555555
Netherlands,Grapes,2017,400.0,71.0,5.633802816901408
Netherlands,Grapes,2018,1700.0,170.0,10.0
Netherlands,Grapes,2019,1600.0,160.0,10.0
Netherlands,Grapes,2020,1700.0,170.0,10.0
Netherlands,Grapes,2021,1930.0,190.0,10.157894736842104
Netherlands,Grapes,2022,2100.0,210.0,10.0
Netherlands,Grapes,2023,2460.0,250.0,9.84
Netherlands,Grapes,2024,2330.0,230.0,10.130434782608695
Netherlands,Maize (corn),1995,63400.0,9000.0,7.044444444444444
Netherlands,Maize (corn),1996,87200.0,10900.0,8.0
Netherlands,Maize (corn),1997,64000.0,12700.0,5.039370078740157
Netherlands,Maize (corn),1998,150700.0,13700.0,11.0
Netherlands,Maize (corn),1999,112300.0,16000.0,7.01875
Netherlands,Maize (corn),2000,223300.0,20300.0,11.0
Netherlands,Maize (corn),2001,242000.0,27200.0,8.897058823529411
Netherlands,Maize (corn),2002,230000.0,23700.0,9.70464135021097
Netherlands,Maize (corn),2003,206000.0,24547.0,8.392064203364974
Netherlands,Maize (corn),2004,190000.0,22400.0,8.482142857142858
Netherlands,Maize (corn),2005,183000.0,20748.0,8.820127241179872
Netherlands,Maize (corn),2006,181200.0,19797.0,9.152901954841642
Netherlands,Maize (corn),2007,230600.0,19300.0,11.94818652849741
Netherlands,Maize (corn),2008,252300.0,22100.0,11.416289592760181
Netherlands,Maize (corn),2009,244911.0,18846.0,12.995383635784782
Netherlands,Maize (corn),2010,196903.0,16733.0,11.767345963066994
Netherlands,Maize (corn),2011,204400.0,16570.0,12.335546167773083
Netherlands,Maize (corn),2012,191363.0,15505.0,12.342018703643985
Netherlands,Maize (corn),2013,185284.0,15512.0,11.944559051057245
Netherlands,Maize (corn),2014,173066.0,12594.0,13.741940606638082
Netherlands,Maize (corn),2015,121114.0,11188.0,10.825348587772613
Netherlands,Maize (corn),2016,84641.0,8424.0,10.047602089268755
Netherlands,Maize (corn),2017,116711.0,8671.0,13.45992388421174
Netherlands,Maize (corn),2018,89280.0,13760.0,6.488372093023256
Netherlands,Maize (corn),2019,148300.0,19010.0,7.801157285639137
Netherlands,Maize (corn),2020,165790.0,19420.0,8.537075180226571
Netherlands,Maize (corn),2021,171420.0,17200.0,9.966279069767442
Netherlands,Maize (corn),2022,176900.0,20100.0,8.800995024875622
Netherlands,Maize (corn),2023,151930.0,14800.0,10.26554054054054
Netherlands,Maize (corn),2024,122710.0,14520.0,8.451101928374655
Netherlands,Sugar beet,1995,6449400.0,116100.0,55.55038759689923
Netherlands,Sugar beet,1996,6415700.0,117000.0,54.835042735042734
Netherlands,Sugar beet,1997,6606000.0,114100.0,57.8965819456617
Netherlands,Sugar beet,1998,5504500.0,109689.0,50.18278952310624
Netherlands,Sugar beet,1999,7396000.0,119700.0,61.787802840434416
Netherlands,Sugar beet,2000,6798000.0,111000.0,61.24324324324324
Netherlands,Sugar beet,2001,5996000.0,109100.0,54.958753437213566
Netherlands,Sugar beet,2002,6250195.0,108900.0,57.39389348025712
Netherlands,Sugar beet,2003,6209800.0,102787.0,60.414254720927744
Netherlands,Sugar beet,2004,6292200.0,97700.0,64.40327533265098
Netherlands,Sugar beet,2005,5931000.0,91300.0,64.96166484118291
Netherlands,Sugar beet,2006,5414100.0,82781.0,65.4026890228434
Netherlands,Sugar beet,2007,5511500.0,82100.0,67.13154689403167
Netherlands,Sugar beet,2008,5218500.0,72200.0,72.27839335180056
Netherlands,Sugar beet,2009,5734969.0,72702.0,78.88323567439686
Netherlands,Sugar beet,2010,5280433.0,70560.0,74.8360685941043
Netherlands,Sugar beet,2011,5857980.0,73329.0,79.88626600662766
Netherlands,Sugar beet,2012,5728000.0,72000.0,79.55555555555556
Netherlands,Sugar beet,2013,5727418.0,73194.0,78.24982922097439
Netherlands,Sugar beet,2014,6821774.0,75094.0,90.84312994380376
Netherlands,Sugar beet,2015,4868255.0,58433.0,83.31345301456369
Netherlands,Sugar beet,2016,5502200.0,70722.0,77.80040157235372
Netherlands,Sugar beet,2017,7959266.0,85352.0,93.25224950792014
Netherlands,Sugar beet,2018,6506310.0,85200.0,76.36514084507043
Netherlands,Sugar beet,2019,6644710.0,79180.0,83.91904521343774
Netherlands,Sugar beet,2020,6691360.0,81460.0,82.14289221703903
Netherlands,Sugar beet,2021,6555960.0,80690.0,81.2487297062833
Netherlands,Sugar beet,2022,7256600.0,81800.0,88.7114914425428
Netherlands,Sugar beet,2023,6942510.0,80440.0,86.3066882148185
Netherlands,Sugar beet,2024,6353710.0,84480.0,75.20963541666667
Netherlands,Wheat,1995,1167000.0,135400.0,8.61890694239291
Netherlands,Wheat,1996,1268900.0,141600.0,8.961158192090396
Netherlands,Wheat,1997,1063000.0,137500.0,7.7309090909090905
Netherlands,Wheat,1998,1072000.0,139300.0,7.695620961952621
Netherlands,Wheat,1999,851400.0,102195.0,8.331131660061647
Netherlands,Wheat,2000,1142700.0,136700.0,8.359180687637162
Netherlands,Wheat,2001,990700.0,124700.0,7.944667201283079
Netherlands,Wheat,2002,1056640.0,135215.0,7.814517620086529
Netherlands,Wheat,2003,1130100.0,129245.0,8.743858563193934
Netherlands,Wheat,2004,1223900.0,137287.0,8.914900901032144
Netherlands,Wheat,2005,1174686.0,136700.0,8.593167520117044
Netherlands,Wheat,2006,1184400.0,141100.0,8.39404677533664
Netherlands,Wheat,2007,1018000.0,140000.0,7.271428571428571
Netherlands,Wheat,2008,1366162.0,156500.0,8.7294696485623
Netherlands,Wheat,2009,1402040.0,150888.0,9.291925136525105
Netherlands,Wheat,2010,1369553.0,153723.0,8.909226335681714
Netherlands,Wheat,2011,1175275.0,151041.0,7.781165378936845
Netherlands,Wheat,2012,1302002.0,151625.0,8.586987633965375
Netherlands,Wheat,2013,1335105.0,152737.0,8.741202197241009
Netherlands,Wheat,2014,1304054.0,142212.0,9.169788766067562
Netherlands,Wheat,2015,1300085.0,142468.0,9.12545273324536
Netherlands,Wheat,2016,1016479.0,127328.0,7.983153744659462
Netherlands,Wheat,2017,1054151.0,115923.0,9.093544853049007
Netherlands,Wheat,2018,961920.0,111660.0,8.61472326706072
Netherlands,Wheat,2019,1130530.0,120550.0,9.378100373289092
Netherlands,Wheat,2020,931830.0,108910.0,8.555963639702506
Netherlands,Wheat,2021,947250.0,118140.0,8.018029456576942
Netherlands,Wheat,2022,1162860.0,123800.0,9.393053311793215
Netherlands,Wheat,2023,1096820.0,129540.0,8.467037208584221
Netherlands,Wheat,2024,668170.0,95850.0,6.970996348461137
Portugal,Grapes,1995,997789.0,241964.0,4.123708485559836
Portugal,Grapes,1996,1319862.0,236654.0,5.577180187108606
Portugal,Grapes,1997,849962.0,232226.0,3.6600639032666455
Portugal,Grapes,1998,517165.0,226497.0,2.2833194258643603
Portugal,Grapes,1999,1069402.0,219442.0,4.873278588419719
Portugal,Grapes,2000,913587.0,217899.0,4.192708548455936
Portugal,Grapes,2001,1051898.0,217691.0,4.832069309250268
Portugal,Grapes,2002,910383.0,216642.0,4.202246101863905
Portugal,Grapes,2003,994287.0,213385.0,4.659591817606674
Portugal,Grapes,2004,1006998.0,208956.0,4.819186814448975
Portugal,Grapes,2005,973117.0,204494.0,4.758657955734643
Portugal,Grapes,2006,1008364.0,199313.0,5.059198346319608
Portugal,Grapes,2007,806486.0,193988.0,4.157401488751882
Portugal,Grapes,2008,750924.0,187800.0,3.9985303514376995
Portugal,Grapes,2009,784668.0,181197.0,4.330469047500786
Portugal,Grapes,2010,947299.0,180079.0,5.260463463257793
Portugal,Grapes,2011,746512.0,179472.0,4.159490059730766
Portugal,Grapes,2012,841619.0,179469.0,4.689495121720186
Portugal,Grapes,2013,827745.0,179505.0,4.611264310186346
Portugal,Grapes,2014,818512.0,178986.0,4.573050406177019
Portugal,Grapes,2015,934633.0,178957.0,5.222668015221534
Portugal,Grapes,2016,773904.0,174976.0,4.422915142648135
Portugal,Grapes,2017,868635.0,178884.0,4.855856309116523
Portugal,Grapes,2018,802080.0,178780.0,4.486407875601298
Portugal,Grapes,2019,864850.0,175650.0,4.923711927127811
Portugal,Grapes,2020,853380.0,175670.0,4.857858484658735
Portugal,Grapes,2021,977670.0,175620.0,5.566962760505637
Portugal,Grapes,2022,903510.0,175790.0,5.13971215655043
Portugal,Grapes,2023,999740.0,175810.0,5.686479722427621
Portugal,Grapes,2024,917890.0,173210.0,5.299289879337221
Portugal,Maize (corn),1995,714627.0,163816.0,4.362376080480539
Portugal,Maize (corn),1996,789290.0,168774.0,4.676608956355837
Portugal,Maize (corn),1997,863410.0,174101.0,4.959247792947772
Portugal,Maize (corn),1998,980922.0,182654.0,5.3703833477503915
Portugal,Maize (corn),1999,934104.0,163622.0,5.708914449157204
Portugal,Maize (corn),2000,881589.0,152504.0,5.780759848921996
Portugal,Maize (corn),2001,912143.0,154786.0,5.892929593115657
Portugal,Maize (corn),2002,802707.0,140124.0,5.728547572150381
Portugal,Maize (corn),2003,803897.0,141440.0,5.683660916289592
Portugal,Maize (corn),2004,794819.0,137349.0,5.78685683914699
Portugal,Maize (corn),2005,514415.0,109906.0,4.680499699743417
Portugal,Maize (corn),2006,542620.0,102603.0,5.288539321462335
Portugal,Maize (corn),2007,616917.0,105615.0,5.84118733134498
Portugal,Maize (corn),2008,701606.0,110877.0,6.3277866464641
Portugal,Maize (corn),2009,634069.0,94727.0,6.69364595099602
Portugal,Maize (corn),2010,626222.0,90371.0,6.9294574586980335
Portugal,Maize (corn),2011,810267.0,99983.0,8.104047688106979
Portugal,Maize (corn),2012,848666.0,102197.0,8.304216366429543
Portugal,Maize (corn),2013,929538.0,111792.0,8.314888364104766
Portugal,Maize (corn),2014,896995.0,107642.0,8.333132048828524
Portugal,Maize (corn),2015,827544.0,97911.0,8.452002328645403
Portugal,Maize (corn),2016,710634.0,88614.0,8.019432595300968
Portugal,Maize (corn),2017,745123.0,86520.0,8.612147480351364
Portugal,Maize (corn),2018,713860.0,83360.0,8.563579654510557
Portugal,Maize (corn),2019,755130.0,77020.0,9.804336535964685
Portugal,Maize (corn),2020,682090.0,72990.0,9.344978764214275
Portugal,Maize (corn),2021,752490.0,74470.0,10.104605881563046
Portugal,Maize (corn),2022,717990.0,74640.0,9.619372990353698
Portugal,Maize (corn),2023,767210.0,75390.0,10.17654861387452
Portugal,Maize (corn),2024,617530.0,65160.0,9.477133210558625
Portugal,Sugar beet,1995,56991.0,1313.0,43.40517897943641
Portugal,Sugar beet,1996,32400.0,737.0,43.96200814111262
Portugal,Sugar beet,1997,149514.0,3502.0,42.6938892061679
Portugal,Sugar beet,1998,187648.0,3486.0,53.82903040734366
Portugal,Sugar beet,1999,505323.0,8248.0,61.266125121241515
Portugal,Sugar beet,2000,461735.0,7892.0,58.5067156614293
Portugal,Sugar beet,2001,280888.0,5373.0,52.277684719895774
Portugal,Sugar beet,2002,643859.0,9040.0,71.2233407079646
Portugal,Sugar beet,2003,484149.0,7493.0,64.61350593887629
Portugal,Sugar beet,2004,626562.0,8358.0,74.96554199569275
Portugal,Sugar beet,2005,604879.0,8623.0,70.14716455989794
Portugal,Sugar beet,2006,320039.0,4275.0,74.86292397660819
Portugal,Sugar beet,2007,251573.0,2910.0,86.45120274914089
Portugal,Sugar beet,2008,137001.0,1586.0,86.38146279949558
Portugal,Sugar beet,2009,6612.0,135.0,48.977777777777774
Portugal,Sugar beet,2010,4163.0,162.0,25.69753086419753
Portugal,Sugar beet,2011,7955.0,321.0,24.781931464174455
Portugal,Sugar beet,2012,18894.0,371.0,50.92722371967655
Portugal,Sugar beet,2013,9891.0,382.0,25.892670157068064
Portugal,Sugar beet,2014,13320.0,354.0,37.6271186440678
Portugal,Sugar beet,2015,5761.0,100.0,57.61
Portugal,Sugar beet,2016,9657.33,265.0,36.442754716981135
Portugal,Sugar beet,2017,10098.92,282.0,35.81177304964539
Portugal,Sugar beet,2018,0.0,,
Portugal,Sugar beet,2019,0.0,,
Portugal,Sugar beet,2020,0.0,,
Portugal,Sugar beet,2021,0.0,,
Portugal,Sugar beet,2022,0.0,,
Portugal,Sugar beet,2023,0.0,,
Portugal,Sugar beet,2024,0.0,,
Portugal,Wheat,1995,359849.0,259402.0,1.3872252334214847
Portugal,Wheat,1996,405826.0,236789.0,1.7138718437089562
Portugal,Wheat,1997,329271.0,276593.0,1.1904531206501971
Portugal,Wheat,1998,150938.0,148687.0,1.0151391849993612
Portugal,Wheat,1999,352148.0,220281.0,1.5986308397002011
Portugal,Wheat,2000,354710.0,226250.0,1.567779005524862
Portugal,Wheat,2001,153604.0,183488.0,0.8371337635158702
Portugal,Wheat,2002,413031.0,230686.0,1.7904467544627762
Portugal,Wheat,2003,149569.0,174307.0,0.8580779888357897
Portugal,Wheat,2004,292866.0,187432.0,1.5625186734389005
Portugal,Wheat,2005,81530.0,122708.0,0.6644228575154024
Portugal,Wheat,2006,249580.0,104660.0,2.3846741830689853
Portugal,Wheat,2007,102258.0,54889.0,1.8629962287525734
Portugal,Wheat,2008,203289.0,88279.0,2.3028013457334136
Portugal,Wheat,2009,124146.0,72991.0,1.700839829568029
Portugal,Wheat,2010,82577.0,57727.0,1.4304744746825575
Portugal,Wheat,2011,51003.0,42496.0,1.200183546686747
Portugal,Wheat,2012,58990.0,54793.0,1.0765973755771723
Portugal,Wheat,2013,92014.0,52176.0,1.7635311254216497
Portugal,Wheat,2014,98794.0,47826.0,2.0656964830845146
Portugal,Wheat,2015,80393.0,39736.0,2.023177974632575
Portugal,Wheat,2016,90017.0,38199.0,2.3565276577920886
Portugal,Wheat,2017,59610.0,29019.0,2.05417140494159
Portugal,Wheat,2018,70110.0,27030.0,2.593784683684795
Portugal,Wheat,2019,77070.0,28530.0,2.70136698212408
Portugal,Wheat,2020,83500.0,30140.0,2.770404777704048
Portugal,Wheat,2021,69440.0,28660.0,2.4228890439637123
Portugal,Wheat,2022,61920.0,31050.0,1.9942028985507247
Portugal,Wheat,2023,34670.0,24740.0,1.4013742926434922
Portugal,Wheat,2024,81350.0,24110.0,3.3741186229780173
Spain,Grapes,1995,3350100.0,1160100.0,2.887768295836566
Spain,Grapes,1996,4973600.0,1122400.0,4.431218816821097
Spain,Grapes,1997,5523400.0,1126989.0,4.901023878671398
Spain,Grapes,1998,5146810.0,1117900.0,4.603998568744968
Spain,Grapes,1999,5607660.0,1115282.0,5.028019819202677
Spain,Grapes,2000,6539812.0,1167703.0,5.600578229224383
Spain,Grapes,2001,5271740.0,1134892.0,4.64514685097789
Spain,Grapes,2002,5934557.0,1186107.0,5.003390925102035
Spain,Grapes,2003,7240500.0,1172797.0,6.17370269535137
Spain,Grapes,2004,7064201.0,1170625.0,6.03455504538174
Spain,Grapes,2005,6062500.0,1161411.0,5.219943671964533
Spain,Grapes,2006,6595056.0,1135229.0,5.8094498995356885
Spain,Grapes,2007,5962643.0,1131315.0,5.2705418031229145
Spain,Grapes,2008,5951581.0,1109049.0,5.366382369038699
Spain,Grapes,2009,5535333.0,1049358.0,5.274970982257723
Spain,Grapes,2010,6107617.0,1002100.0,6.094817882446861
Spain,Grapes,2011,5809315.0,963095.0,6.031923122848733
Spain,Grapes,2012,5332163.0,947096.0,5.630013219356855
Spain,Grapes,2013,7480000.0,944200.0,7.922050413048083
Spain,Grapes,2014,6222584.0,931065.0,6.683297084521489
Spain,Grapes,2015,5799131.0,941056.0,6.1623654702801955
Spain,Grapes,2016,6102851.0,935105.0,6.526380459948348
Spain,Grapes,2017,5387403.0,937763.0,5.7449515495919545
Spain,Grapes,2018,6983260.0,939920.0,7.429632309132693
Spain,Grapes,2019,5745450.0,936890.0,6.132470193939524
Spain,Grapes,2020,6817770.0,931630.0,7.318109120573618
Spain,Grapes,2021,6086920.0,929390.0,6.549371092867364
Spain,Grapes,2022,5902040.0,922920.0,6.394963810514454
Spain,Grapes,2023,4822760.0,913000.0,5.2823220153340635
Spain,Grapes,2024,5387270.0,903980.0,5.9595013164008055
Spain,Maize (corn),1995,2590400.0,357500.0,7.245874125874126
Spain,Maize (corn),1996,3751000.0,439700.0,8.530816465772117
Spain,Maize (corn),1997,4451502.0,486500.0,9.150055498458377
Spain,Maize (corn),1998,4349100.0,459100.0,9.473099542583315
Spain,Maize (corn),1999,3768600.0,397500.0,9.480754716981131
Spain,Maize (corn),2000,3991752.0,433146.0,9.215719411006912
Spain,Maize (corn),2001,4981901.0,512500.0,9.72078243902439
Spain,Maize (corn),2002,4425373.0,465134.0,9.514189459381598
Spain,Maize (corn),2003,4338700.0,479900.0,9.040841842050428
Spain,Maize (corn),2004,4831147.0,479801.0,10.06906404947051
Spain,Maize (corn),2005,3981370.0,414298.0,9.609918464486915
Spain,Maize (corn),2006,3355722.0,344400.0,9.743675958188152
Spain,Maize (corn),2007,3610937.0,360998.0,10.002650984215979
Spain,Maize (corn),2008,3628600.0,366300.0,9.906087906087906
Spain,Maize (corn),2009,3515617.0,348949.0,10.074873405569296
Spain,Maize (corn),2010,3324821.0,314990.0,10.555322391187023
Spain,Maize (corn),2011,4199927.0,369264.0,11.373778651588024
Spain,Maize (corn),2012,4262116.0,390433.0,10.916382580365902
Spain,Maize (corn),2013,4885000.0,442300.0,11.044539905041827
Spain,Maize (corn),2014,4776190.0,418545.0,11.411413348624402
Spain,Maize (corn),2015,4564416.0,398257.0,11.460981225690949
Spain,Maize (corn),2016,4069508.0,359275.0,11.32700020875374
Spain,Maize (corn),2017,3775645.0,333628.0,11.316930833143502
Spain,Maize (corn),2018,3842520.0,322370.0,11.919595495858795
Spain,Maize (corn),2019,4184460.0,356830.0,11.726760642322674
Spain,Maize (corn),2020,4214100.0,343780.0,12.25813019954622
Spain,Maize (corn),2021,4597660.0,358270.0,12.832947218578168
Spain,Maize (corn),2022,3590260.0,314290.0,11.423398771834929
Spain,Maize (corn),2023,2835360.0,239900.0,11.818924551896623
Spain,Maize (corn),2024,3500060.0,288900.0,12.115126341294566
Spain,Sugar beet,1995,7438212.0,172465.0,43.128820340358914
Spain,Sugar beet,1996,8236000.0,157100.0,52.42520687460217
Spain,Sugar beet,1997,8530211.0,157600.0,54.125704314720814
Spain,Sugar beet,1998,8866220.0,149489.0,59.310183357972825
Spain,Sugar beet,1999,8248000.0,134900.0,61.141586360266864
Spain,Sugar beet,2000,7929700.0,125255.0,63.308450760448686
Spain,Sugar beet,2001,6755103.0,106940.0,63.16722461193192
Spain,Sugar beet,2002,8197289.0,113764.0,72.05521078724377
Spain,Sugar beet,2003,6365142.0,99834.0,63.75725704669752
Spain,Sugar beet,2004,7174942.0,103109.0,69.58599152353335
Spain,Sugar beet,2005,7291092.0,102104.0,71.40848546579957
Spain,Sugar beet,2006,5827031.0,85516.0,68.13965807568174
Spain,Sugar beet,2007,4909958.0,68171.0,72.02414516436608
Spain,Sugar beet,2008,3987500.0,52300.0,76.24282982791587
Spain,Sugar beet,2009,4225433.0,49813.0,84.82590889928332
Spain,Sugar beet,2010,3534517.0,43382.0,81.47427504494952
Spain,Sugar beet,2011,4188535.0,44931.0,93.22149518150053
Spain,Sugar beet,2012,3460230.0,38952.0,88.83317929759704
Spain,Sugar beet,2013,2468700.0,31400.0,78.62101910828025
Spain,Sugar beet,2014,3723309.0,38414.0,96.9258343312334
Spain,Sugar beet,2015,3605112.0,37605.0,95.86788990825688
Spain,Sugar beet,2016,3014358.0,32874.0,91.69428727870049
Spain,Sugar beet,2017,3292750.0,36671.0,89.7916609855199
Spain,Sugar beet,2018,2870910.0,35300.0,81.32889518413597
Spain,Sugar beet,2019,2752710.0,30180.0,91.20974155069582
Spain,Sugar beet,2020,2432840.0,27620.0,88.08254887762492
Spain,Sugar beet,2021,2506290.0,29500.0,84.95898305084745
Spain,Sugar beet,2022,2001040.0,24780.0,80.75221953188056
Spain,Sugar beet,2023,2890250.0,34870.0,82.88643533123029
Spain,Sugar beet,2024,3522240.0,45690.0,77.08995403808274
Spain,Wheat,1995,3138700.0,2126400.0,1.4760628291948834
Spain,Wheat,1996,6040500.0,2012400.0,3.0016398330351817
Spain,Wheat,1997,4676290.0,2078550.0,2.249784705684251
Spain,Wheat,1998,5436300.0,1912560.0,2.8424206299410213
Spain,Wheat,1999,5083800.0,2422400.0,2.0986624834874505
Spain,Wheat,2000,7293623.0,2353027.0,3.099676714291846
Spain,Wheat,2001,5007698.0,2177005.0,2.300269406822676
Spain,Wheat,2002,6822160.0,2406643.0,2.8347203968349275
Spain,Wheat,2003,6290100.0,2151500.0,2.923588194283058
Spain,Wheat,2004,7096724.0,2175028.0,3.262819605080946
Spain,Wheat,2005,4026694.0,2274109.0,1.770668864157347
Spain,Wheat,2006,5521582.0,1920233.0,2.8754750074600324
Spain,Wheat,2007,6436359.0,1803313.0,3.569185715402706
Spain,Wheat,2008,6714300.0,2067000.0,3.2483309143686503
Spain,Wheat,2009,4804772.0,1772752.0,2.710346399270738
Spain,Wheat,2010,5941197.0,1948073.0,3.0497815020279013
Spain,Wheat,2011,6876657.0,1994653.0,3.4475455129288153
Spain,Wheat,2012,5189828.0,2188171.0,2.371765277942172
Spain,Wheat,2013,7744900.0,2125000.0,3.644658823529412
Spain,Wheat,2014,6471400.0,2171200.0,2.980563743551953
Spain,Wheat,2015,6362694.0,2176354.0,2.9235565537591772
Spain,Wheat,2016,7873135.0,2256848.0,3.4885535047109952
Spain,Wheat,2017,4875957.0,2096058.0,2.3262509911462375
Spain,Wheat,2018,8322510.0,2063680.0,4.032849085129477
Spain,Wheat,2019,6041170.0,1920090.0,3.1462952257446264
Spain,Wheat,2020,8143510.0,1914660.0,4.253240784264569
Spain,Wheat,2021,8564630.0,2128470.0,4.023843418042068
Spain,Wheat,2022,6508800.0,2172700.0,2.995719611543241
Spain,Wheat,2023,4049230.0,1957760.0,2.0682974419745013
Spain,Wheat,2024,7147930.0,1956210.0,3.6539686434483007
